-- MySQL dump 10.13  Distrib 8.0.17, for Win64 (x86_64)
--
-- Host: 185.53.168.174    Database: admin_SPORT
-- ------------------------------------------------------
-- Server version	5.5.55

/*!40101 SET @OLD_CHARACTER_SET_CLIENT=@@CHARACTER_SET_CLIENT */;
/*!40101 SET @OLD_CHARACTER_SET_RESULTS=@@CHARACTER_SET_RESULTS */;
/*!40101 SET @OLD_COLLATION_CONNECTION=@@COLLATION_CONNECTION */;
/*!50503 SET NAMES utf8 */;
/*!40103 SET @OLD_TIME_ZONE=@@TIME_ZONE */;
/*!40103 SET TIME_ZONE='+00:00' */;
/*!40014 SET @OLD_UNIQUE_CHECKS=@@UNIQUE_CHECKS, UNIQUE_CHECKS=0 */;
/*!40014 SET @OLD_FOREIGN_KEY_CHECKS=@@FOREIGN_KEY_CHECKS, FOREIGN_KEY_CHECKS=0 */;
/*!40101 SET @OLD_SQL_MODE=@@SQL_MODE, SQL_MODE='NO_AUTO_VALUE_ON_ZERO' */;
/*!40111 SET @OLD_SQL_NOTES=@@SQL_NOTES, SQL_NOTES=0 */;

--
-- Table structure for table `EXERCISE`
--

DROP TABLE IF EXISTS `EXERCISE`;
/*!40101 SET @saved_cs_client     = @@character_set_client */;
/*!50503 SET character_set_client = utf8mb4 */;
CREATE TABLE `EXERCISE` (
  `ID` int(11) NOT NULL AUTO_INCREMENT,
  `NAME` varchar(128) NOT NULL,
  `DESCRIPTION` varchar(2048) NOT NULL,
  `MUSCLES` varchar(256) NOT NULL,
  `LEVEL` int(11) NOT NULL,
  `CONCENTRATION` int(11) NOT NULL,
  `DATE_CREATE` timestamp NOT NULL DEFAULT CURRENT_TIMESTAMP,
  PRIMARY KEY (`ID`)
) ENGINE=InnoDB AUTO_INCREMENT=113 DEFAULT CHARSET=utf8;
/*!40101 SET character_set_client = @saved_cs_client */;

--
-- Dumping data for table `EXERCISE`
--

LOCK TABLES `EXERCISE` WRITE;
/*!40000 ALTER TABLE `EXERCISE` DISABLE KEYS */;
INSERT INTO `EXERCISE` VALUES (1,'Армейский жим','Армейский жим - одно из самых эффективных упражнений для мышц плечевого пояса. Главная нагрузка приходится на передние и средние пучки дельт. Очень важно выполнять жим штанги стоя правильно, иначе эффективность резко снижается.\n \\n\n Жим можно выполнять как стоя, так и сидя. Как со штангой, так и с гантелями.\n \\n\n \\n1.Возьмитесь за гриф немного шире плеч хватом сверху. Поднимите штангу на грудь.\n \\n2.Исходное положение: штанга находится на груди, локти немного выдвинуты вперед (так, чтобы ладони смотрели точно вверх), спину держите прямой. Ноги на ширине плеч, немного согнуты в коленях.\n \\n3.На выдохе – плавно выжмите штангу вверх, пока не зафиксируете её на прямых руках.\n \\n4.На вдохе - опустите штангу обратно на грудь.\n \\n5.Выполните необходимое количество повторов.','Грудь,Трапеции,Трицепс',1,1,'2019-02-11 11:34:20'),(2,'Разведения рук с гантелями лежа','Это упражнение направлено на проработку плеч и трапециевидной мышцы. Возможно выполнение этого упражнения одной рукой.\n\\n1.Установите угол наклона скамьи равным около 15-20 градусов от пола.\n\\n2.Исходное положение: лягте на наклонную скамью лицом вниз и возьмите гантели. Руки держите прямо перед собой, направив их перпендикулярно относительно Вашего тела.\n\\n3.На выдохе –  медленно разведите руки до того момента, пока ваши предплечья не будут почти параллельны полу. В верхнем положении сделайте небольшую задержку, напрягая мышцы.\n\\n4.На вдохе – опустите гантели в исходное положение.\n\\n5.Выполните необходимое количество повторений.','Трапеции',2,1,'2019-06-20 18:25:45'),(3,'Традиционные выпады','Самый простой вариант выполнения выпадов – это выпады без дополнительного отягощения,т.е. с весом своего тела). Желательно выполнять такое упражнение в три подхода по 10 раз на обе ноги.','Ягодицы',1,3,'2019-11-23 12:24:52'),(4,'От винта','Исходная позиция – стоя на четвереньках.\r \\n\r \\n1.В левой полусогнутой руке удерживай полуторакилограммовую гантель, правая рука – прямая, ладонью обопрись о пол.\r \\n2.Сделай выпад назад левой рукой, теперь она прямая. Старайся при этом смотреть в одну точку, шею держи расслабленной.\r \\n3.Вернись в исходное положение – это один подход.','Грудь,Трапеции,Плечи',1,1,'2019-11-23 12:58:07'),(5,'Подъем ноги на четвереньках','Опуститесь на четвереньки, руки на ширине плеч, поставьте ладони на пол. Колени стоят на ширине таза и согнуты под прямым углом. Полностью вытяните одну ногу назад и поднимите ее на уровень таза. Чтобы сохранить равновесие, напрягите мышцы пресса. Опустите ногу и вернитесь в исходное положение. Повторите для другой ноги»,','Ягодицы,Бёдра',1,3,'2019-11-23 13:05:37'),(6,'Боковые выпады','Выпады в сторону являются одним из наиболее популярных упражнений для бёдер и ягодиц.\r \\nВыпады в сторону выполняются из положения стоя, ноги на ширине плеч.\r \\n1.Немного разведите носки в стороны и выпрямите спину. Можете согнуть руки в локтях перед грудью, поместить ладони на пояс или вытянуть их вдоль туловища – как вам будет удобнее. Напрягите пресс. Колени мягкие, стойка пружинистая. \r \\n2.На вдохе сделайте широкий шаг левой ногой в сторону. Рабочее колено немного сгибаете, мягко опускаете стопу на пол, переносите на эту ногу центр тяжести и приседаете до прямого угла в колене. Старайтесь держать спину ровно. Допускается лишь лёгкий наклон вперёд. Вторая нога при этом абсолютно прямая – вытянута в сторону. \r \\n3.На выдохе энергично разогните колено и вернитесь в исходное положение. Вы должны ощущать, как работают ягодицы и квадрицепс.\r \\nСделайте нужное количество повторений каждой ногой.','Ягодицы,Бёдра',1,3,'2019-11-23 13:18:08'),(7,'Прыжки с высоко поднятыми коленями','1.Согните колени в стартовой позиции, руки держите на уровне груди, локти должны быть немного согнутыми.\r \\n2.Совершите неглубокий присед и резким движением, отталкиваясь от земли носками подпрыгните к верху, стараясь коснутся коленями своих ладоней. Прыгайте, как можно выше, насколько это возможно. Спину держите прямой.\r \\n3.Приземлитесь мягко на пол.\r \\n4.Как только вы коснулись пола сделайте приседание.\r \\n5.Повторите движение необходимое количество раз или времени.','Ягодицы,Бёдра',1,3,'2019-11-23 13:26:50'),(8,'Бег с высоко поднятыми коленями','\r1.Станьте на пол, держите спину прямой. Согните слегка колена и поднимите одну ногу вверх. Это ваше исходное положение.\r \\n2.Сделайте прыжок вверх, поднимая колени по очереди.\r \\n3.Делайте это движение нужный вам интервал времени.','Ягодицы',1,3,'2019-11-23 13:30:55'),(9,'Отведение ноги на четвереньках','Упражнение пожарный гидрант подходит для начинающих спортсменок. Классический метод выполнения не предполагает использование фитнес-инвентаря, поэтому элемент можно применять в самостоятельных домашних тренировках: \r \\n1.Опуститесь на четвереньки. Ладони располагаются строго под плечевыми суставами, а колени под тазобедренными. \r \\n2.Подтяните пресс и выпрямите спину. \r \\n3.Выдохните и выполните боковое отведение ноги в сторону. \r \\n4.При подъеме удерживайте ногу прямо. \r \\n5.Постарайтесь достичь параллели ноги с полом. \r \\n6.В верхней позиции замрите на 1–2 секунды, а затем с вдохом опустите конечность.','Ягодицы',1,3,'2019-11-23 13:40:21'),(10,'Выпады с гантелями ','\r1. Для выполнения данного упражнения понадобится пространство, где вы и вам ничего не будет мешать. Упражнение предполагает ходьбу с отягощением в руках. \r \\n2. Подберите две гантели оптимального веса. Вес должен быть средним, чтобы вы смогли выполнить около 3х подходов по 8-10 выпадов на каждую ногу.\r \\n3. Исходное положение: возьмите гантели в руки встаньте ровно (ступни параллельны друг другу и слегка шире бедер), грудь \"колесом\", в пояснице легкий прогиб, колени подсогнуты, взгляд направлен вперед. \r \\n4. Сделайте широкий шаг вперед, перенесите центр тяжести тела на выставленную вперед ногу и затем на нее же и присядьте. Туловище удерживайте прямым и не заваливайтесь по сторонам.\r \\n5. Внизу (нижняя точка траектории) у Вас должна наблюдаться следующая картина. Передняя (с которой начинали движение) нога согнута в коленном суставе под углом в 90 градусов (заднее бедро и ягодицы натянуты как струны). Колено задней ноги находится в “висячем” положении, т.е. оно не касается пола.\r \\n6. Задержите дыхание и, опираясь на переднюю ногу (не на заднюю!), поднимитесь из приседа. Повторите выпад, но уже с другой ногой.','Ягодицы',2,3,'2019-11-23 13:43:58'),(11,'Фронтальные махи гантелями','Вы не должны касаться бедер руками. Выпрямите спину, расправьте плечи и грудь и зафиксируйте корпус в этой позиции. Слегка согните руки в локтевых суставах и напрягите мышцы. Именно в таком положении ваше тело будет находиться на протяжении всего упражнения. Теперь можно выполнять махи вперед. \r \\n1.На вдохе поднимите руки с гантелями до уровня подбородка. Руки во время движения остаются слегка согнутыми в локтях и не выпрямляются до конца. Движение должно производиться исключительно за счет вращения в плечевом суставе. \r \\n2.Следите за тем, чтобы движение рук осуществлялось в вертикальной плоскости без смещений по горизонтали. При одновременном поднятии гантелей расстояние между руками должно равняться ширине плеч. Запрещается сводить или разводить руки в стороны. \r \\n3.Крайняя точка движения находится на уровне подбородка. Достигнув её, задержитесь на пару секунд, максимально напрягите дельты и медленно вернитесь в исходное положение. \r \\n4.Сделайте непродолжительную паузу (на 1–2 дыхательных цикла) и повторите.','Плечи',2,1,'2019-11-23 13:50:19'),(12,'Французский жим гантелей над головой','1.Встаньте прямо, ноги стоят на ширине плеч. Возьмите в каждую руку по гантели. Выпрямите обе руки над головой, ладони смотрят друг на друга.\r \\n2.Согните руки в локтях и опустите гантели за голову, чтобы они оказались перпендикулярно полу. Сделайте паузу, выпрямите руки и верните гантели в исходное положение.\r ','Трицепс,Плечи,Трапеции',2,1,'2019-11-23 13:53:56'),(13,'Тяга гантелей стоя в наклоне','1.Подготовка.\r \\nВзять гантели — подходящего вам веса.\r \\nПо возможности используйте лямки на запястья, что бы кисти рук не уставали раньше окончания упражнения.\r \\nНа поясницу одеть специальный поддерживающий пояс (Внимание к поясничному отделу, будьте осторожны).\r \\nЭто упражнение можно выполнять в тренажере или со штангой.\r \\n2.Исходное положение.\r \\nВзять гантели передним хватом.\r \\nСтать, ноги поставить вместе, немного согнуть в коленях.\r \\nТорс наклонить вперед, до угла в 45 градусов.\r \\nСпину держать прямой, мышцы живота в напряжении.\r \\n3.Выполнение.\r \\nВдохните, плавно сгибая руки — поднимая гантели максимально вверх.\r \\nКороткая пауза в верхней точке — не расслабляя мышц.\r \\nВыдохните, плавно возвращая руки к исходному положению.\r \\nПауза в нижней точке — не расслабляя мышц.','Широчайшие,Трапеции',2,1,'2019-11-23 14:00:43'),(14,'Сгибание рук с гантелями стоя','Сгибание рук с гантелями стоя является одним из наилучших упражнений для развития бицепса. Превосходство гантели над штангой заключается в том, что вы сможете выполнять упражнение с вращением кисти наружу – супинацией. Это позволит включить плечевую и плечелучевую мышцу.\r \\n1.Исходное положение: держа гантели в руках, встаньте прямо и опустите руки вдоль тела, прижав локти к туловищу. Ладони направлены вперед.\r \\n2.На выдохе – не отрывая локти от тела, сделайте подъем рук с гантелями до уровня ваших плеч. В верхней точке упражнения немного остановитесь, напрягая бицепс.\r \\n3.На вдохе – медленно разогните руки и возвратитесь к исходному положению.\r \\n4.Выполните сгибание рук с гантелями требуемое количество раз.','Бицепс',1,1,'2019-11-23 14:16:48'),(15,'Наклоны с гантелей в сторону на косые мышцы живота','1.Стопы следует поставить на ширине плеч. В одну руку взять гантель, другую поставить на пояс или убрать за голову, так же можно взять гантели в обе руки.\r  \\n2.Мышцы пресса необходимо напрячь, плечи расправить, бедра зафиксировать (они не должны двигаться влево–вправо), а копчик подкрутить вперед. Прогиб в пояснице при этом отсутствует. \r  \\n3.Делать наклоны следует в строго вертикальной плоскости до комфортного положения. Сначала наклоняемся в сторону с гантелей (противоположная сторона корпуса в этот момент растягивается), затем мягко переходим в наклон в сторону от гантели (в этот момент как раз работают косые мышцы). Во время движения пресс напряжен, он ни на секунду не расслабляется. Гантель движется строго вдоль ноги. \r  \\n4.Если на прямых ногах выполнить боковой наклон сложно, колени можно слегка присогнуть.\r  ','Пресс',1,2,'2019-11-23 14:24:26'),(16,'Разведение гантелей в стороны стоя','1.Исходное положение:\r \\nВозьмите в руки по гантеле оптимального веса и удерживайте их по бокам от бедер нейтральным хватом (как вариант, можно держать снаряды перед собой и даже сзади).\r \\nРасставьте ноги на ширину плеч и чуть согните колени.\r \\nСлегка наклонитесь вперед и напрягите пресс.\r \\n2.Движение:\r \\nНа выдохе удерживая корпус прямым и взгляд направленным вперед, усилием средних дельт динамично разведите гантели по дуговым траекториям строго в стороны. При этом в самом начале движения согните локти под небольшим, фиксированным углом.\r \\nОстановите снаряды на линии, в которой плечо окажется параллельным полу.\r \\nВыполните задержку 1-2-секундного пикового сокращения в этой точке.\r \\nВдыхая, медленно опустите снаряды до исходного положения','Плечи,Трапеции',1,1,'2019-11-23 14:31:51'),(17,'Жим гантелей стоя','Жим гантелей стоя относится к базовому типу упражнений. Основная нагрузка направленна переднюю часть дельт. Преимущество жима гантелей в том, что их можно разворачивать в верхней и нижней точке упражнения для большей эффективности\r \r \\n1.Исходное положение – поставьте ноги на ширине плеч и возьмите в руки гантели. Держите спину ровно. Поднимите гантели до уровня глаз, согнув локти под углом в 90 градусов.\r \\n2.На выдохе – сделайте жим гантелей над головой, немного сводя, их друг к другу.\r \\n3.На вдохе – возвратитесь к исходному положению.\r \\n4.Сделайте необходимое количество повторов.','Плечи,Трицепс',1,1,'2019-11-23 14:35:05'),(18,'Разведение гантелей стоя','1.Ноги на ширине плеч, стопы параллельно.   \r \\n2.Медленно поднимите руки перед собой, после чего разведите их в стороны. Затем вновь сведите руки перед собой. Дышите произвольно, равномерно.\r  ','Грудь,Плечи',1,1,'2019-11-23 15:29:40'),(19,'Попеременный подъем гантелей сидя','1.Сядьте на скамью, обхватите гриф гантели каждой рукою хватом в замок, опустите их на вытянутых руках вниз.\r \\n2.Корпус держите искренним, опасайтесь ненадобного округления спины в позвоночнике.\r \\n3.Напрягите бицухи и согните руку в локтевом суставе. Подняв, этаким образом, гантель к соответственному плечу, без задержки начинайте опускать ее обратно.\r \\n4.Опускайте гантель тише, чем поднимаете, но в любом случае, рывков и негодной спешки водиться не подобать в обе фазы движения. Локти всегда густо прижаты к туловищу, все движения совершаются только лишь в локтевых суставах, плечевые и лучезапястные полностью статичны.\r \\n5.Согнув и разогнув одну руку, начинайте сгибать вторую, либо, ежели жаждете поработать лучше, начинайте исполнять упражнение 2-ой рукою, как основная начала спускаться.','Бицепс',2,1,'2019-11-23 15:37:05'),(20,'Жим гантелей лежа','Это упражнение направлено на ту же группу мышц, что и жим штанги лежа. Но отличается от указанного упражнения тем, что жим гантелей лежа выполняется с большей амплитудой, что способствует большему растягиванию и сокращению грудных мышц, задействует большее число мышц-стабилизаторов.\r \\nЕсли вы хотите правильно развивать грудные мышцы и увеличивать силовые показатели, то вы должны регулярно выполнять жимы гантелями.\r \\n1.Возьмите гантели в каждую руку, сядьте с ними на горизонтальную силовую скамью. Положите гантели на бедра и после этого лягте на скамью.\r \\n2.Исходное положение: спина прогнута в пояснице, стопы ног упираются в пол. Руки с гантелями находятся на уровне плечей, грифы гантелей расположены на одной линии.\r \\n3.На выдохе – поднимите руки вверх, немного сводя гантели, максимально сокращая грудную мышцу.\r \\n4.На выдохе – вернитесь в исходное положение, максимально растягивая грудь.\r \\n5.Повторите упражнение нужное число раз.','Грудь,Плечи,Трапеции',1,1,'2019-11-23 15:46:35'),(21,'Отведение прямых руки с гантелей в наклоне','Сохраняйте наклон туловища на протяжении всего подхода. Контролируйте вес, не раскачивайте и не позволяйте \"падать\".В конце каждого повторения задняя поверхность рук должна оказываться выше уровня плеч.Не жертвуйте амплитудой движения ради более тяжелого веса','Плечи,Трапеции,Грудь',1,1,'2019-11-23 16:09:26'),(22,'Тяга гантели одной рукой стоя в наклоне','1.В исходной позиции мы кладем правое колено на лавку и ставим правую руку на край скамьи. Спину держим под углом 90 градусов. Поясницу нужно немного прогнуть. Левую ногу нужно отвести назад.\r \\n2.Головой смотрим вниз, шея продолжение спины.\r \\n3.Фиксируем позицию и берем руками гантель классическим хватом.\r \\n3.С помощью широчайших мышц спины выполняем тягу к поясу, двигаясь локтем вверх.\r \\n4.Задержитесь в верхней части амплитуды и опускайте снаряд в начальную позицию.','Плечи,Спина',1,1,'2019-11-23 16:24:24'),(23,'Отведение гантелей сидя','Данное упражнение направленно на проработку дельтовидных мышц. Также в процессе выполнения упражнения включатся дополнительные мышцы плечевого пояса.\r \\n1.Для выполнения этого упражнения Вам понадобится силовая скамья со спинкой. Сядьте на скамью, удерживая гантели обеими руками нейтральным хватом\r \\n2.Исходное положение: опустите руки вдоль вашего тела.\r \\n3.На выдохе – сделайте развод гантелей в сторону, немного сгибая руки в локтевом суставе. Выполняйте подъем до тех пор, пока гантели не будут параллельны линии пола. В верхней точке сделайте небольшую задержку.\r \\n4.На вдохе – плавно опустите гантели в нижнюю точку, вернувшись в исходное положение.\r \\n5.Сделайте требуемое количество повторений.','Плечи,Трапеции',1,1,'2019-11-23 16:46:06'),(24,'Отжимания от пола','1.Для начала вам нужно принять упор лежа. Ладони должны быть слегка шире ваших плеч, а туловище вытянуто в струну. Шея выступает продолжением спины, пресс напряжен, поясница в ровном положении, ягодицы вверх поднимать не нужно. Ноги находятся почти вместе, опора на носках.\r \\n2.Сделайте вдох, но не изменяйте положение своего туловища, опускайтесь грудными вниз, сгибая руки в локтях. Оставьте между грудными и полом парочку см.\r \\n3.На выдохе, выпрямляя руки, возвращайтесь в исходное положение.','Грудь,Трицепс',1,1,'2019-11-23 16:50:49'),(25,'Складка (V-образные скручивания)','Складка (или V-образные скручивания)- это комплексное упражнение, которое задействует мышцы брюшного пресса и четырехглавую мышцу бедра.\r \\nПодойдёт для людей более продвинутого уровня (не новичков), так как упражнение требует определённых навыков координации и развитых мышц кора.\r \\nЭто упражнение позволит заменить классические скручивания и поднятия ног лёжа.\r \\nВыполнять упражнение можно как на гимнастическом коврике, так и на силовой скамье. Кроме того, оно отлично подойдёт для выполнения в домашних условиях.\r \\n\r \\n1.Исходное положение- лёжа на спине, руки вытянуть за голову. Поясницу прижать к полу, ноги слегка согнуть в коленях.\r \\n2.На вдохе необходимо одновременно поднять ноги вверх (как при выполнении упражнения подъем ног лёжа) и привести руки к ногам, сокращая мышцы пресса.\r \\n3.Сделать выдох, опуститься в исходное положение-плавно, без рывков. Следует не до конца опускать руки и ноги на пол.\r \\n4.Выполнить нужное количество повторений.','Пресс,Квадрицепс',2,2,'2019-11-23 16:56:02'),(26,'Мах бедра назад','1.Встаньте ровно и обопритесь руками о спинку стула, стол или любую другую опору. Зафиксируйте поясницу, во время выполнения движения не должно быть прогиба в спине. \r  \\n2.Отведите прямую ногу назад до максимально возможного уровня. Стопа при этом сокращена, вы тянетесь вверх пяткой. Положение спины остается неизменным, работает только ягодица и бедро. Мягко опустите носок на пол.\r  ','Ягодицы',1,3,'2019-11-23 17:03:22'),(27,'Бег','','',1,3,'2019-11-23 17:08:05'),(28,'Попеременный подъем ног','1.Лечь на пол, плотно прижать поясницу. Руки вытягиваются вдоль тела, подкладываются под голову. \r \\n2.Приподнять прямую нижнюю конечность, образовав острый угол, удержать, плавно опустить. \r \\n3.Повторить действие со второй конечностью.','Пресс',2,2,'2019-11-23 17:14:05'),(29,'Велосипед','1.Ложитесь спиной на коврик для выполнения упражнения, удерживая нижнюю спину прижатой к полу. Аккуратно поддерживайте свою шею, прижимая руки к задней части головы.\r \\n2.Поднимите верхнюю часть тела с коврика, приподнимая колени вверх над туловищем и поддерживая ноги параллельно полу.\r \\n3.Вытяните правую ногу прямо, не позволяя ей коснуться пола. Держите левое колено согнутым и левую ногу параллельно полу. Используя свои брюшные мышцы, сократите мышцы пресса, касаясь правым локтем к левому колену.\r \\n4.Чередуя локти и колени, теперь выведите вперед левую ногу, приводя правое колено к туловищу (подобно тому, как будто вы катаетесь на велосипеде) чтобы ваш левый локоть прикасался к вашему правому колену.\r \\n5.Продолжайте упражнение, чередуя колени и локти.','Пресс',1,2,'2019-11-23 17:18:45'),(30,'Подтягивание ног к груди на фитболе','1.Для начала вам нужно прилечь на пол и расположить сзади себя фитбол. Руки нужно поставить на уровень плеч, как будто вы собираетесь отжиматься.\r \\n2.Затем поставьте голень на верхнюю часть фитбола. Ноги же полностью вытяните, а вес своего тела старайтесь перенести на руки. Это ваше исходное положение.\r \\n3.Спина ровная, тело неподвижно. Сделайте выдох и подтягивайте свои колени в направлении груди, скручивая корпус. Фитбол же должен перемещаться по лодыжкам. Совершите задержку в данном состоянии и напрягайте пресс.\r \\n4.Осуществите вдох и плавно выпрямляйте ноги, катая фитбол в обратное состояние.\r \\n5.Сделайте количество повторов, которое приведет к жжению в целевой мышечной группе.','Пресс',3,2,'2019-11-23 17:21:15'),(31,'Скручивания на фитболе','1.Ложитесь на фитбол и поставьте ноги на пол, разведя их по сторонам. Ноги должны быть согнуты в коленях и плотно прижаты к земле. Руки положите за голову. Это ваше стартовое положение.\r \\n2.Скрутите корпус, округляя спину и сокращая мышцы живота пока не почувствуете максимальное сжатие мышц брюшного пресса. Задержитесь в этом положении на несколько секунд.\r \\n3.На выдохе вернитесь в стартовое состояние, максимально растягивая пресс и немного втягивая живот в себя. Это позволит сделать движение более эффективным.\r \\n4.Сделайте то количество повторов, которое приведет к максимальному жжению в мышцах пресса, это поможет прокачать все части пресса.','Пресс',3,2,'2019-11-23 17:24:00'),(32,'Складка (V-образные скручивания) на скамье','Аналог обычной складки на полу, но еще сложнее – на ряду с динамической мышцы пресса получают и статическую нагрузку, за счет того, что ноги стабильно находятся «на весу».\r \\n1.Исходное положение- сесть на край скамьи, руки по бокам и служат опорой. Туловище необходимо откинуть назад, чтобы создать напряжение брюшных мышц.\r \\n2.Выпрямленные ноги поднять до параллели с полом.\r \\n3.На вдохе подтянуть колени к груди, образуя складку.\r \\n4.В фазе максимального напряжения задержаться на несколько секунд.\r \\n5.На выдохе выпрямить ноги (не до конца), вернувшись в исходное положение.\r \\n6.Выполнить нужное количество повторений.','Пресс,Квадрицепс',2,2,'2019-11-23 17:27:17'),(33,'Боковой пресс с поднятыми вверх ногами','Положите ноги на шар, руки в замке зафиксируйте за головой. Теперь выполните диагональные скручивания.','Пресс',3,2,'2019-11-23 17:30:49'),(34,'Боковая планка','1.Исходное положение - упор лёжа на боку.\r \\n2.Обопритесь на локоть, одну ногу положите на другую.\r \\n3.Оторвите бедра от пола напрягая мышцы пресса, ягодичные и четырехглавую мышцу бедра.\r \\n4.Задержитесь в этом положении необходимое время.\r \\n5.Повторите упражнение на другом боку.','Пресс,Средняя часть спины,Бедра',1,2,'2019-11-23 17:33:58'),(35,'Планка','Планка интересное и набирающее популярность упражнение – его цель создать крепкий мышечный корсет тела – живот, поясницу. Упражнение базовое общеукрепляющим для многих других групп мышц тела. Планка относится к классу статических упражнений, т.е. не требует движения суставов.\r \\n1.Лягте на пол (при наличии используйте гимнастический коврик)\r \\n2.Исходное положение - вытяните тело, опираясь на две опорные точки –предплечья (держите их под точным углом в 90 градусов и параллельно друг другу на ширине плеч) и носки стоп. Ноги вместе, взгляд направлен в пол. Плечи отведены назад и вниз.\r \\n3.Держите тело прямым – так, чтобы голова, позвоночник и ноги были строго на одной линии. Напрягите мышцы брюшного пресса и ягодиц и контролируйте неподвижность тела.\r \\n4.Продержитесь в таком положении максимально долго.\r \\n5.Выполните необходимое число повторений.','Пресс,Плечи,ТрапецииНижняя часть спины',1,2,'2019-11-23 17:36:30'),(36,'Подъем таза лежа','Это популярное упражнение позволяет эффективно формировать красивые и сильные ягодицы. Ягодичный мостик, зачастую является частью комплексов, цель которых проработать нижнюю часть тела.\r \\n1.Исходное положение: примите горизонтальное положение на полу. Вытяните руки вдоль туловища, а ноги согните в коленях. Стопы должны находиться на ширине ваших плеч.\r \\n2.На выдохе – выполняя стопами толчок от пола, поднимите бедра вверх, образуя «мостик». Спину необходимо держать прямо. В верхней точке упражнения задержитесь на несколько секунд.\r \\n3.На вдохе – плавно опускайте бедра в исходное положение.\r \\n4.Сделайте необходимое количество повторений.','Ягодицы,Бедра',1,3,'2019-11-23 17:41:25'),(37,'Подтягивания прямым хватом','Подтягивания прямым «классическим» - прямым хватом является одним из базовых упражнений, которое должен освоить каждый спортсмен. Это упражнение направлено на прокачивание широчайших мышц спины, бицепса, а также мышц грудного отдела.\n\\n1.Исходное положение: выполните хват перекладины на уровне ширины плеч прямым хватом (ладонями от себя так, чтобы большой палец охватывал ее снизу, закрывая ее в замок). Ноги держите вместе.\n\\n2.На выдохе – сделайте подтягивание до того момента, пока перекладина не достигнет верхнего уровня груди.\n\\n3.На вдохе – полностью распрямляя руки, медленно опуститесь к исходному положению.\n\\n4.Сделайте требуемое количество повторений.','Широчайшие мышцы,Бицепс,Грудь',1,1,'2019-11-23 17:44:51'),(38,'Отжимания от скамьи','1.Сядьте на край скамейки. Поместите обе руки рядом с бедрами. Ноги выпрямьте перед собой, упираясь на пятки, носки смотрят вверх. Это ваше исходное положение. \r \\n2.Опускайте себя, сгибая локти, пока ваши трицепсы и предплечья не будут перпендикулярны друг другу (не образуют угол 90 градусов). Убедитесь, что ваши стопы не скользят, а ваши бедра находятся в висячем положении.\r \\n3.Задержавшись на секунду, возвращайтесь в исходное положение. \r \\n4.Выполните необходимое количество повторений. ','Трицепс,Грудь',1,1,'2019-11-23 17:48:40'),(39,'Подъем ног лёжа','Это весьма эффективное упражнение для мышц брюшного пресса (с акцентом на нижнюю часть прямой мышцы живота). Подойдёт для выполнения начинающими, так как не требует дополнительной подготовки и является технически простым.\r \\n1.Исходное положение- лёжа на спине, руки вдоль туловища; поясницу прижать к полу (убедиться, что нет прогиба), ноги соединить вместе.\r \\n2.На вдохе одновременно поднять обе ноги до угла 50-60 градусов по отношению к полу. Задержаться в таком положении несколько секунд.\r \\n3.На выдохе опустить ноги в исходное положение.\r \\n4.Выполнить необходимое количество повторений.','Пресс',1,2,'2019-11-23 17:52:25'),(40,'Воздушные приседания','1.Исходное положение – ноги на ширине плеч, носки слегка развернуты наружу, вес тела на пятках, поясница прогнута, глубокий вдох. \r \\n2.Поясничные мышцы и пресс напряжены, медленно сгибаем колени и опускаемся в низ, взгляд строго вперед, колени не выходят за носки, ягодицы отводим максимально назад.\r \\n3.Опускаемся до параллели пола, а лучше ниже.\r \\n4.Достигнув нижней точки, на выдохе обратно выпрямляете ноги.','Квадрицепсы',1,3,'2019-11-23 17:58:46'),(41,'Скручивания на наклонной скамье','Скручивания - основное упражнение для развития правильной и красивой формы мышц пресса. Скручивания можно выполнять как на полу, но сложнее это делать на наклонной скамье. Это упражнение прекрасно подойдет как разминка - для начала любой тренировки, так и для её окончания. Существует много вариантов этого упражнения, позволяющих регулировать нагрузку на разные части пресса.\r \\n1.Займите положение на наклонной скамье – ноги согните в коленях, ступни зацепите за упоры.\r \\n2.Исходное положение - лягте на спину, поясница прижата к скамье. Руки за головой (или перед грудью), кисти взяты в \"замочек\", локти разведены.\r \\n3.На выдохе - усилием мышцы пресса переместите верхнюю часть туловища к коленям (туловище прижато или близко к коленям). Задержитесь на секунду.\r \\n4.На вдохе –плавно вернитесь в исходное состояние.\r \\n5.Повторить упражнение необходимое количество раз.','Пресс,Нижняя часть спины',1,2,'2019-11-23 18:01:59'),(42,'Отведение руки с гантелей в наклоне','Это одно из упражнений, направленных на проработку трицепса. Однако его лучше применять как дополнительное, после базовых упражнений для трицепса. Важно отметить то, что выполняя разгибания руки, делайте две паузы в верхней и нижней точке.\r \\n1.Возьмите в одну из рук гантель, обращая ладонь к вашему телу. Немного согните колени и сделайте наклон вперед, сгибаясь в области талии. Взгляд устремлен вперед, а спина практически параллельна уровню пола. Можете опереться другой рукой и коленом в горизонтальную силовую скамью.\r \\n2.Исходное положение: Область руки от локтя до плеча располагается на одном уровне с линией тела. Согните руку в локте под прямым углом, чтобы  предплечье было перпендикулярно относительно пола. \r \\n3.На выдохе – плечо находится неподвижным, в то время как, напрягая трицепс, Вы выполняете разгибание руки. В верхней точке зафиксируйте ненадолго руку. \r \\n4.На вдохе – плавно верните руку в исходное положение, снова зафиксировав положение.\r \\n5.После выполнения одной рукой, сделайте упражнение другой.\r \\n6.Выполните необходимое количество повторений.','Трицепс,Плечи,Широчайшие мышцы спины',2,1,'2019-11-23 18:05:43'),(43,'Французский жим с гантелями сидя','Жим гантели из-за головы сидя считается одним из самых популярных упражнений на трицепс. В большей степени оно подходит для новичков, так как из-за своих особенностей более удобно, чем жим стоя. \r \\n1.Для выполнения этого упражнения Вам понадобится горизонтальная скамья со спинкой. Сядьте на скамью и возьмите гантель обеими руками за основание.\r \\n2.Исходное положение: удерживайте гантель на вытянутых руках так, чтобы часть руки от плеча до локтя была перпендикуляра полу и находилась около Вашей головы.\r \\n3.На вдохе – плавно опускайте гантель за голову до тех пор, пока Ваши предплечья не коснутся бицепсов.\r \\n4.На выдохе – напрягая трицепсы, сделайте подъем гантелей, вернувшись в исходное положение.\r \\n5.Сделайте требуемое количество повторений.','Трицепс',1,1,'2019-11-23 18:08:55'),(44,'Армейский жим стоя','Армейский жим - одно из самых эффективных упражнений для мышц плечевого пояса. Главная нагрузка приходится на передние и средние пучки дельт. Очень важно выполнять жим штанги стоя правильно, иначе эффективность резко снижается.\r \\n\r \\nЖим можно выполнять как стоя, так и сидя. Как со штангой, так и с гантелями.\r \\n\r \\n1.Возьмитесь за гриф немного шире плеч хватом сверху. Поднимите штангу на грудь.\r \\n2.Исходное положение: штанга находится на груди, локти немного выдвинуты вперед (так, чтобы ладони смотрели точно вверх), спину держите прямой. Ноги на ширине плеч, немного согнуты в коленях.\r \\n3.На выдохе – плавно выжмите штангу вверх, пока не зафиксируете её на прямых руках.\r \\n4.На вдохе - опустите штангу обратно на грудь.\r \\n5.Выполните необходимое количество повторов.','Плечи,Грудь,Трапеции,Трицепс',1,1,'2019-11-23 18:11:58'),(45,'Приседания со штангой на плечах','1.Поставьте ноги на ширину плеч.Начальная позиция классического приседа — ноги расставлены на ширине плеч, носки слегка развернуты в стороны (примерно на 30° от центра). Приседания с широкой расстановкой ног (так называемые «приседания в стиле сумо») не рекомендуются новичкам, пытающимся научиться правильно приседать, так как они увеличивают нагрузку на поясницу.\r \\n2.Сведите лопатки вместе.Штанга должна располагаться на верхней части мышц спины, а локти направлены вниз. Руки должны лишь поддерживать штангу в неподвижном положении, но ни в коем случае не удерживать ее вес. Кроме этого, грудь должна быть максимально открыта, а лопатки сведены вместе. Если вы не можете поддерживать штангу в подобном положении, значит ее вес слишком велик.\r \\n3.Приседайте до параллели.В нижней точке приседаний бедра должны быть параллельны полу, а колени не должны выходить за линию носков. Внимательно следите за тем, чтобы не приседать слишком низко (это увеличит нагрузку на поясницу) или не заканчивать движение слишком высоко (в этом случае в работе участвует лишь передняя, но не задняя, поверхность бедер).\r \\n4.Следите за положением позвоночника.В нижней точке движения необходимо поддерживать позвоночник в идеально прямом положении — для этого взгляд должен быть направлен в точку на полу примерно в одном метре от вас. Избегайте соблазна крутить головой в попытках контролировать правильность выполнения упражнения в зеркале — это легко может спровоцировать боли в шее.\r \\n6.Поднимайтесь вверх не за счет коленей.При подъеме вверх движение начинается с таза, лишь затем распрямляются колени и корпус. Движение, начинаемое с распрямления колен, является ошибочным и нарушает механику упражнения. Вы должны представлять, что вас словно тянут вверх за подвязанную к тазу веревку, а не концентрироваться на том, чтобы выталкивать штангу исключительно силой колен.\r \\n7.Держите пресс в напряжении.В верхней точке движения, в перерывах между повторениями, не расслабляйте колени и не переносите вес штанги на носки. Встаньте как мож','Квадрицепсы,Ягодицы',2,3,'2019-11-23 18:18:50'),(46,'Скручивания','Классические скручивания - быстрый способ усилить мышцы живота. \r \\n\r \\nДля эффективного и безопасного выполнения упражнения, убедитесь, что вы делаете их правильно.\r \\n\r  \r \\n1.Лёжа на полу, согните колени, ваши стопы упираются в пол.\r \\n2.Перекрестите руки над грудью, чтобы ваши руки касались противоположных плеч.\r \\n3.Напрягите мышцы живота. Втяните живот.\r \\n4.Медленно садитесь. Сначала приподнимите голову, затем ваши плечи. Сосредоточьте взгляд на своих согнутых коленях, все время сжимайте мышцы живота. Поднимайтесь с пола до тех пор, пока вы не достигнете девяносто градусного угла, или когда локти не коснуться коленей. Держите стопы на полу.\r \\n5.Задержитесь на секунду в верхнем положении. \r \\n6.Медленно опускайтесь назад. Вы выполнили одно скручивание. ','Пресс',1,2,'2019-11-23 18:23:49'),(47,'Концентрированное сгибание рук','Концентрированный подъем на бицепс является лучшим упражнением, для придания более выпуклой и рельефной формы середине бицепса. Особенность данного упражнения в том, что в нем задействована большая амплитуда движения во время подъема гантели. Вторым преимуществом является то, что в верхней точке достигается сильнейшее пиковое сокращение бицепса, которое мы можем зафиксировать во времени.\r \\n\r \\n1.Сядьте на край скамьи, расставив ноги так, чтобы руки свободно могли выполнять подъем гантели.\r \\n2.Исходное положение: Правой рукой возьмите гантель нейтральным хватом, упираясь локтем в верхнюю область бедра. Ладони должны смотреть от Вас, а руки выпрямлены.\r \\n3.На выдохе – сделайте подъем гантели на бицепс, работая исключительно предплечьем. Выполняйте сгибание до тех пор, пока бицепс полностью не сократиться, а снаряд не будет у Ваших плеч. Задержитесь в верхней точке для максимальной эффективности.\r \\n4.На вдохе – плавно опустите гантель, вернувшись в исходное положение.\r \\n5.Выполните необходимое количество сгибаний для обеих рук.','Бицепс,Предплечья',2,1,'2019-11-23 18:28:59'),(48,'Жим гантелей сидя','Жим гантелей сидя является базовым упражнением. Акцентирует нагрузку на средние и боковые пучки плеч, также в работе задействованы трицепсы. Упражнение удобней делать сидя, но можно и стоя. Если делаете сидя, то угол наклона спинки на скамье должен быть от 80-90 градусов.\r \\n\r \\n1.Сядьте на отрегулированную силовую скамью, удерживая гантели в руках.\r \\n2.Исходное положение – спина и поясница прижаты к спинке скамьи, поднимите гантели на уровень глаз. Разверните локти в стороны, предплечья вертикальны, ладони смотрят вперед, стопы уперты в пол.\r \\n3.На выдохе - выжимайте гантели к верхней точке, немного сближая их. Задержитесь в верхней точке на пару секунд.\r \\n4.На вдохе - вернитесь в исходное положение.\r \\n5.Повторите жим гантелей необходимое число раз.','Плечт,Трицепс',2,1,'2019-11-23 18:31:29'),(49,'Вертикальная тяга гантелей','1.Возьмите в руки гантели и опустите их на уровне бедер.\r \\n2.Руки должны быть опущены вниз с изгибом в локтях, спину следует держать ровной.  \r \\n3.Гантели необходимо подымать на выдохе.\r \\n4.Продолжайте подъем гантелей, пока они не достигнут уровня груди, в верхней точке сократите мышцы, сжав их.\r \\n5.Опустите снаряды вниз в исходное положение, максимально растянув плечи в негативной фазе. \r \\n6.Нужно делать вдох после того, как будет выполнено упражнение.\r \\n7.Повторите данное упражнение заданное количество раз.','Плечи,Трапеция',1,1,'2019-11-23 18:34:44'),(50,'Отведение гантелей через стороны стоя','Классическое упражнение для развития дельт – мышц, окружающих плечевые суставы. Больше всего в подъеме гантелей через стороны работают средние дельты. Вы можете выполнять разведение гантелей в стороны одной рукой – попеременно (оперевшись боком на наклонную скамью или удерживаясь свободной рукой за опору).\r \\n\r \\n1.Возьмите гантели с установленным необходимым Вам весом.\r \\n2.Исходное положение: встаньте прямо, ноги немного уже или на ширине плеч. Руки вдоль тела, немного согнуты в локтях, ладони внутрь.\r \\n3.На выдохе - сохраняя тело прямым, поднимайте гантели в стороны. При этом немного поворачивайте руки с гантелями (представьте, что вы держите кружки с водой и выливаете из них воду). Поднимайте руки немного уровня плеч.\r \\n4.На вдохе - медленно верните руки в исходное положение.\r \\n5.Сделайте необходимое количество повторений.','Плечи,Трапеция',1,1,'2019-11-23 18:36:51'),(51,'Разведение гантелей стоя на плечи','1.Используйте гантели одинаковые по весу, станьте устойчиво и удобно, ноги расположите на ширине плеч (можно шире). Руки в расслабленном состоянии, гантели немного повернуты к торсу и расположены сбоку от бедер. Держитесь прямо, взгляд направьте вперед. \r \\n2.Вдохните побольше воздуха и задержите его в легких и энергично, но плавно поднимайте руки. Основное напряжение сосредоточено в дельтах, почувствуйте его. Линия рук, плеч, спины при условном взгляде на тренирующегося сверху образует прямую с углом 180 градусов. \r \\n3.Важный нюанс! Поднимая гантели, держите локти немного согнутыми под легким углом, комфортным для рук. Зафиксируйте эту позицию и не отступайте от нее. \r \\n4.Верхняя «отметка» — гантели подняты до высоты плеч. Доведя гантели до этой высоты, выдохните, начните не спеша вести гантели обратно вниз. К следующему подходу приступайте сразу же, без паузы. Не давайте мышцам передышку внутри одного подхода.','Плечи,Трапеция',1,1,'2019-11-23 18:44:06'),(52,'Жим штанги лежа на наклонной скамье','Жим штанги, лежа на наклонной скамье, принципиально отличается от «классического» жима штанги, где жим выполняется на горизонтальной скамье.  Отличие заключается в том, что мышцы груди прорабатываются более качественно и эффективно чем в горизонтальном жиме.\r \\n\r \\n1.Выберите угол наклона скамьи (оптимальный 30 градусов). Лягте на наклонную скамью, закрепив ноги за опорные валики.\r \\n2.Исходное положение: возьмите гриф хватом немного уже, чем в классическом жиме и поднимите его над грудью. Это позволит увеличить амплитуду движения и сокращение грудных мышц.\r \\n3.На вдохе – плавно опускайте штангу вниз до тех пор, пока гриф не коснется груди.\r \\n4.На выдохе – сделайте небольшую паузу и поднимите штангу в исходное положение.\r \\n5.Сделайте жим штанги требуемое количество раз.','Грудь,Плечи,Трицепс',1,1,'2019-11-23 18:50:33'),(53,'Французский жим лёжа','Одно из самых распространенных упражнений для тренировки трицепса. Но опасное. Точечная высокая нагрузка на локти может нанести травму. Удобно использовать штангу с EZ-грифом, но если её нету, то можно использовать с обычным грифом или гантели.\r \\n\r \\n1.Возьмите штангу хватом сверху немного уже уровня плеч. Лягте на горизонтальную скамью со штангой. Если используете гантели, то руки держите параллельно друг другу.\r \\n2.Исходное положение - выпрямите руки в локтях и немного отклоните их назад за голову (на 20 – 30 градусов).\r \\n3.На вдохе – удерживая плечи неподвижными, согните руки и поднесите штангу к голове. Угол в локтевом суставе быть 90°.\r \\n4.На выдохе - верните штангу в исходное положение.\r \\n5.Сделайте упражнение нужное число раз.','Трицепс,Плечи',1,1,'2019-11-23 18:53:41'),(54,'Жим штанги широким хватом','Это базовое, эффективное упражнение, направленное на проработку мышц груди, трицепсов и переднего пучка дельтовидных мышц. Данный хват сокращает амплитуду движения, но взамен дает возможность работать с большими весами, а также максимально раскрыть потенциал мышц груди. Инвентарём для данного упражнения является горизонтальная скамья.\r \\n\r \\n1.Лягте на силовую скамью.\r \\n2.Исходное положение: возьмите штангу так, чтобы ширина хвата была на 8-10 см больше ширины плеч. Держите штангу над вашей грудью.\r \\n3.На вдохе – медленно опускайте гриф до тех пор, пока не коснетесь штангой нижнеё части груди.\r \\n4.На выдохе – используя грудные мышцы, плавно выполните подъем штанги к исходному положению. В верхней точке упражнения зафиксируйте штангу на несколько секунд.\r \\n5.Сделайте требуемое количество повторений.','Грудь,Плечи,Трицепс',1,1,'2019-11-23 18:56:50'),(55,'Жим штанги узким хватом','Это базовое, эффективное упражнение, цель которого проработка трицепсов, средней части грудных мышц и передней головки дельтовидной мышцы.\r \\n\r \\n1.В качестве инвентаря для данного упражнения используется горизонтальная скамья.\r \\n2.Исходное положение: лягте на горизонтальную скамью. Возьмите штангу таким образом, чтобы ширина хвата была уже ширины ваших плеч. Удерживая снаряд над грудью, выведите его чуть ниже уровня вашей груди.\r \\n3.На вдохе – плавно опускайте гриф до тех пор, пока не гриф не коснется вашей груди. Следует обратить внимание, что гриф должен находиться немного ниже уровня груди, а руки ходят вдоль туловища.\r \\n4.На выдохе – используя силу трицепсов, плавно выпрямите руки, вернув штангу к исходному положению. В верхней точке упражнения зафиксируйте штангу на несколько секунд.\r \\n5.Сделайте необходимое количество повторений.','Трицепс,Грудь,Плечи',1,1,'2019-11-23 18:59:18'),(56,'Сгибание рук на бицепс с EZ-штангой стоя','1.Возьмите штангу с E-Z грифом, встаньте прямо. Ваши ладони должны быть направлены вперёд, локти – располагаться близко к телу. Это исходная позиция.\r \\n2.Держите плечи неподвижными. Выдохните и потяните штангу к себе, напрягая бицепсы. Помните, что двигаться должны только предплечья.\r \\n3.Продолжайте поднимать штангу, пока полностью не напряжете бицепсы, а снаряд не будет на уровне плеч. На секунду задержитесь в этом положении.\r \\n4.Вдохните и медленно вернитесь в исходную позицию.\r \\n5.Повторите рекомендуемое количество раз. Вариации: вы можете уменьшить ширину захвата или выполнять упражнение с применением низкого шкива, к которому прикрепите E-Z гриф. Во втором случае нагрузка на мышцы окажется более существенной.','Бицепс',2,1,'2019-11-23 19:02:33'),(57,'Сведение рук в кроссовере','Отличное изолирующее упражнение для мышц груди. Движения аналогичны разведению рук с гантелями лежа.\r \\n\r \\n1.Выставьте на блоках тросового тренажера необходимый вес, возьмите рукоятки троса в каждую руку. Встаньте строго по центру конструкции.\r \\n2.Исходное положение: сделайте шаг и немного наклонитесь вперед. Разведите руки в стороны максимально растягивая грудные мышцы. Локти немного согнуты.\r \\n3.На выдохе - по широкой дуге тяните рукояти к центру туловища. Следите, чтобы движение происходило только за счет плечевого сустава, руки и туловище должны быть неподвижны на протяжении всего упражнения.\r \\n4.На вдохе - медленно вернитесь по в исходное положение до легкого растяжения в пекторальных.\r \\n5.Выполните тягу нужное количество раз.','Грудь,Плечи',1,1,'2019-11-23 19:06:22'),(58,'Бег на беговой дорожке','','',1,3,'2019-11-23 19:11:21'),(59,'Занятия на велотренажере','Занятия на велотренажере являются прекрасным способом для сброса лишнего веса и повышения выносливости.\r \\n\r \\nПеред тренировкой необходимо размять суставы и связки.\r \\nПервые 3-5 минут крутите педали в медленном темпе, т.к. это позволит запустить Вашу дыхательную и кровеносную систему.\r \\nВыполняя упражнение, не стоит сильно прогибать поясницу. Руки необходимо держать в расслабленном состоянии и не переносить вес тела на них.\r \\nСтопы параллельны полу, в то время как колени устремлены вперед.\r \\nДержите голову прямо, чтобы взгляд был направлен вперед.\r \\nЗа 2-3 минуты до конца тренировки необходимо сделать заминку, снизив интенсивность выполнения упражнения. Это позволит привести Ваш пульс в нормальное состояние.','Квадрицепс,Ягодицы,Икры',1,3,'2019-11-23 19:14:14'),(60,'Занятия на эллипсоиде','','',1,3,'2019-11-23 19:16:43'),(61,'Подъем ног в упоре на локтях','1.Для начала вам нужно занять позицию на тренажере, для этого зайдите на специальную платформу и обопритесь об спинку.\r \\n2.Расположите предплечье на подлокотниках тренажера, руки при этом согните под углом около 90 градусов.\r \\n3.Корпус плотно прижат, ноги опустите вниз.\r \\n4.Сделайте выдох и поднимайте ноги к груди, коленями к себе, напрягая мышцы пресса и сжимая их в верхней точке.\r \\n5.Ноги нужно не просто тянуть вверх, а сокращать пресс как будто вы делаете скручивания на полу.\r \\n6.Совершите вдох и плавно опускайте ноги вниз до полного растяжения, однако не нужно полностью разгибать колени.\r \\n7.Сделайте нужное число повторений, пока не дойдете до чувства жжения в мышцах пресса.','Пресс',1,2,'2019-11-23 19:19:23'),(62,'Разгибание ног в тренажере сидя','Разгибание ног в тренажере – изолирующее для мышц квадрицепса. Популярное упражнение для тренировки мышц ног. Не гонитесь за большим весом, для того, чтобы не нанести травму коленям.\r \\n\r \\n1.Выставьте на тренажере необходимый вес. Отрегулируйте рычаг тренажера для разгибания ног так, чтобы валик находился прямо над ступнями. Сядьте в тренажер\r \\n2.Исходное положение - зафиксируйте в тренажере ноги. Руками возьмитесь за рукоятки. Колени должны быть согнуты под прямым углом.\r \\n3.На выдохе – усилием мышц бедер, выпрямите ноги. Следите, чтобы верхняя часть тела была неподвижна. Задержитесь в этом положении на несколько секунд.\r \\n4.На вдохе - верните ноги в исходное положение.\r \\n5.Выполните разгибание ног нужное количество повторений.','Квадрицепс',1,3,'2019-11-23 19:22:03'),(63,'Сведение рук в тренажере (бабочка)','Изолирующее упражнение для мышц груди – т.е. в этом упражнении работает только один сустав – плечевой. Это позволяет сфокусировать работу на необходимой мышце – грудной. Отличительной особенностью также является то, что в конечной точке упражнения, когда вы сводите руки вместе, на мышцы груди ложится пиковое напряжение.\r \\n\r \\n1.Сядьте на сиденье тренажера, обхватите рукоятки тренажера.\r \\n2.Исходное положение – поясницу и спину прижмите к его спинке, лопатки соедините.\r \\n3.На выдохе – двигайте руки вперед, за счет усилия грудных мышц, пока не соедините руки перед собой. Остановитесь в этом положении на несколько секунд.\r \\n4.На вдохе - верните руки в исходное положение.\r \\n5.Сделайте нужное количество повторов.','Грудь',1,1,'2019-11-23 19:24:45'),(64,'Широкий присед с гантелей','1.Держите гантель обеими руками вертикально перед грудной клеткой. Ваши ноги должны быть значительно шире плеч. \r \\n2.Выталкивая таз, опускайтесь в приседание, пока ваши бёдра не будут, по крайней мере, параллельными полу (при возможности опускайтесь ниже). Держите спину прямо, подбородок вперед. Задержитесь на несколько секунд внизу, а затем вернитесь в исходное положение.\r \\n3.Выполните необходимое количество раз. ','Ягодицы,Квадрицепсы',1,3,'2019-11-23 19:27:25'),(65,'Прыжки на скакалке','1.Для начала зафиксируйтесь в исходном положении. Спина должна быть прямой, ноги поставьте рядом друг с другом, а локти нужно согнуть таким образом, при котором кисти будут находиться на уровне ваших бедер.\r \\n2.Старайтесь держать руки неподвижными, вращая скакалку исключительно благодаря усилиям запястий.\r \\n3.Руки держите поближе к корпусу и не делайте чересчур широкую амплитуду движения.\r \\nСуществует пять вариаций этого движения:\r \\n1.В одиночных прыжках начините в медленном темпе производить вращение скакалки, выполняя прыжок с отталкиванием от носков. Когда вы приземляетесь, то колени должны быть чуть согнутыми. \r \\n2.Также можно прыгать, выполняя смену ног, чередуя их, тем самым имитируя пробежку на одном месте.\r \\n3.В двойных прыжках нужно при каждом обороте скакалки совершить 2 подпрыгивания. \r \\n4.В прыжках через стороны прыгайте в левый и правый бока поочередно.\r \\n5.Можно выполнять это движения, прыгая сначала назад, а затем вперед, и так по очереди.','Ноги',2,3,'2019-11-23 19:30:00'),(66,'Жим ногами в тренажёре','Жим ногами относится к базовым упражнениям для мышц ног. Большое его преимущество - позволяет без привлечения спинных (в том числе поясничных) мышц, проработать большой объем мышц бедер. Поэтому жим ногами отлично подойдёт тем людям, которые испытывают проблемы со спиной - здесь нет осевой нагрузки на позвоночник. Чтобы выполнять его Вам необходим тренажер с платформой на салазках. Суть упражнения в сгибании/разгибании коленного сустава, под весом платформы.\r \\n\r \\n1.Установите необходимую нагрузку на платформу тренажера. Лягте на тренажер, ноги расположите в середине платформы на ширине плеч.\r \\n2.Исходное положение - выжмите немного платформу и руками снимите её со стопоров (руки удерживают поручни во время всего упражнения). Голову прижмите к спинке.\r \\n3.На вдохе - медленно сгибайте ноги вниз до угла 90 градусов в коленном суставе.\r \\n4.На выдохе - разгибайте колени, толкая вес пятками, возвращая платформу в исходное положение.\r \\n5.Повторите жим необходимое количество раз.','Квадрицепс,Ягодицы,Бедра',1,3,'2019-11-23 19:34:37'),(67,'Сгибание рук на скамье Скотта','Скамья Скотта заставляет мышцы бицепсов работать изолированно и позволяет достичь максимальной нагрузки. Опускать штангу вниз необходимо как можно медленней, чтобы избежать риск получения травмы локтя. Упражнение обычно выполняют с штангой с EZ-грифом (можно использовать гантели).\r \\n\r \\n1.Сядьте на скамью Скотта, возьмите штангу. Плотно обопритесь грудью и локтями в подставку.\r \\n2.Исходное положение – руки согнуты в локтях, ладони находятся на уровне плеч и направлены вперед.\r \\n3.На вдохе – медленно опускайте штангу, выпрямляя руки.\r \\n4.На выдохе, за счет напряжения бицепсов, сгибайте руки до полного сокращения бицепсов, при этом штанга должна оказаться на уровне плеч. Ненадолго задержитесь в верхней точке.\r \\n5.Выполните необходимое количество повторений.','Бицепс,Предплечья',1,1,'2019-11-23 19:36:27'),(68,'Тяга нижнего блока','1.Сядьте на платформу, согнув колени, и возьмите кабельное крепление. У него часто треугольная ручка.\r \\n2.Сядьте так, чтобы вы могли вытянуть рукоятку вытянутыми руками, не перегибая нижнюю часть спины.\r \\n3.Ваша спина всегда должна быть прямой, а не согнутой. Необходимо удержать туловище неподвижным на протяжении всего упражнения. Эта форма прямой спины также используется в упражнениях на присед и тягу.\r \\n4.Потяните ручку и вес назад к нижней части живота, стараясь не слишком  использовать силу блока, перемещая туловище назад руками.\r \\n5.Нацельтесь на среднюю и верхнюю часть спины, держа спину прямой и сжимая лопатки вместе, когда вы тяните, выводя грудь вперед. \r \\n6.Верните рукоятку вперед под натяжением до полного растяжения, помня, чтобы спина остается прямой, даже при согнутых коленях.\r \\n7.Повторите упражнение необходимое количество раз.','Спина',1,1,'2019-11-23 19:39:07'),(69,'Прыжки в присяде','1.Подпрыгнуть\r \\n2.При приземлении ставьте ноги немного шире, чем ширина плеч\r \\n3.Обязательно приземляйтесь на подушечки ног, затем на всю стопу, и сразу плавно из приземления переходите в присед\r \\n4.Колени согнуты, таз направлен вниз и назад, бедра параллельны полу. Следите за тем, чтобы колени не выступали за носки во время приседания\r \\n5.Соберитеть с силами и выпрыгивайте вверх. Когда вы прыгаете вверх, приведите обе ноги внутрь друг к другу, чтобы вы приземлялись ногами на несколько сантиметров друг от друга. Вернитесь в исходное положение. \r \\n6.Повторите нужное количество повторений','Икры,Ягодицы,Квадрицепсы',1,3,'2019-11-23 19:41:54'),(70,'Отжимания на брусьях','1.Запрыгните на снаряд, немного разверните локти в стороны и отклоните корпус вперед примерно на 30 градусов.\r \\n2.На вдохе опускайте корпус вниз, разводя локти в стороны. Не стремитесь развести их слишком широко – все в пределах анатомической комфортности. В нижней точке вы должны почувствовать хорошее растяжение низа груди. Ориентируйтесь на угол в локтях 90 градусов.\r \\n3.На выдохе, максимально сократив грудные мышцы, поднимите себя в исходное положение. В верхней точке еще сильнее сведите грудь и задержитесь на 1–2 секунды.','Трицепс,Грудь,Плечи',1,1,'2019-11-23 19:45:41'),(71,'Тяга верхнего блока к груди','Тяга верхнего блока используется для нагрузки мышц спины. Упражнение представляет собой подтягивания – только не Вы тянетесь к перекладине, а рукоять тренажера тянется к Вам. Существует большое число модификаций данного упражнения, которые различаются шириной хвата – при узком и среднем (на ширине плеч) максимально загружены широчайшие мышцы спины, при широком – средняя часть спины и наружние пучки широчайших мышц.\r \\n1.Прикрепите к верхнему блоку тросового тренажера необходимый по ширине гриф. Отрегулируйте упор для ног под Ваш рост и сядьте на скамью. Возьмите гриф хватом сверху\r \\n2.Исходное положение: держа вытянутыми руками гриф, прогнитесь в пояснице, туловище отклоните назад примерно на 20 градусов, грудь подайте вперед.\r \\n3.На выдохе - тяните гриф к верхней части груди, при этом отводя назад плечи и сводя лопатки вместе. Сделайте паузу в этом положении.\r \\n4.На вдохе - медленно верните гриф в исходное положение, полностью выпрямляя руки, напрягая мышцы спины.\r \\n5.Выполните необходимое количество повторений;','Широчайшие мышцы спины,Бицепс,Плечи,Средняя часть спины',1,1,'2019-11-23 19:49:57'),(72,'Тяга за голову верхнего блока (вертикального)','Тяга за голову – упражнение для широчайших мышц спины. Требует большую подвижность плечевых суставов. Очень важно выполнять его правильно, если ваши суставы не позволяют дотянуть гриф до нужного уровня не согнув спину не делайте его – толку будет мало.\r \\n1.Возьмите гриф широких хватом сверху. Сядьте на лавку отрегулированного под Ваш рост тренажера. Бедра расположите под валиками.\r \\n2.Исходное положение – спина прямо, руки выпрямлены, стопы плотно прижмите к полу.\r \\n3.На выдохе – тяните гриф вниз, за голову примерно до середины затылка, сводя при этом лопатки вместе. Можете задержаться в крайнем положении.\r \\n4.На вдохе – верните гриф в исходное положение.\r \\n5.Выполните повторение тяги необходимое количество раз.','Широчайшие мышцы спины,Бицепс,Плечи',2,1,'2019-11-23 19:52:24'),(73,'Жим сидя в рычажном тренажере','Жим в рычажном тренажере для грудных мышц позволяет имитировать жим гантелей на наклонной скамье. Однако Вы можете работать с большим отягощением, чем при жиме гантелей. Это позволит более эффективно проработать грудь. Также стоит отметить то, что при правильной технике выполнения будет снижена нагрузка на плечевые суставы.\r \\n1.Установите на рычажном тренажере необходимый вес и настройте сидение исходя из своего роста. Рукояти тренажера необходимо зафиксировать на уровне верхней части Вашей груди.\r \\n2.Исходное положение: голова и грудь устремите в направлении вверх, а лопатки сведите друг к другу. При помощи специальной педали поднимите вес в верхнюю позицию.\r \\n3.На вдохе – Плавно опускайте рукояти тренажера до тех пор, пока локти не будут согнуты до угла в 90 градусов.\r \\n4.На выдохе – мощным усилием сделайте жим, вернувшись к исходному положению.\r \\n5.Выполните необходимое количество повторений.','Грудь,Плечи,Трицепс',1,1,'2019-11-23 19:55:04'),(74,'Сгибание рук на нижнем блоке в кроссовере','Для развития бицепса помимо упражнений со штангой и гантелями эффективно используются блочные тренажеры. Конечно не стоит заниматься только на тросовых тренажерах – работа со свободными весами должна быть основой любой тренировки, но сочетание с тросовым тренажером даст отличные результаты, обязательно разнообразие в упражнениях!\r \\nДелая сгибания рук на нижнем блоке, вы придадите бицепсу четкую форму.\r \\n1.Исходное положение: возьмитесь за рукоятку, прикрепленную к тросу нижнего блока, нижним хватом. Встаньте прямо, слегка отклонитесь назад. Локти прижмите к корпусу. Ноги на ширине плеч.\r \\n2.На выдохе – сгибайте предплечья до полного сокращения бицепса. Следите, чтобы локти не уходили вперед, а корпус не раскачивался.\r \\n3.На вдохе – вернитесь в исходное положение.\r \\n4.Выполните сгибание рук необходимое число раз.','Бицепс',1,1,'2019-11-23 19:57:13'),(75,'Отжимания от скамьи','1.Сядьте на край скамейки. Поместите обе руки рядом с бедрами. Ноги выпрямьте перед собой, упираясь на пятки, носки смотрят вверх. Это ваше исходное положение. \r \\n2.Опускайте себя, сгибая локти, пока ваши трицепсы и предплечья не будут перпендикулярны друг другу (не образуют угол 90 градусов). Убедитесь, что ваши стопы не скользят, а ваши бедра находятся в висячем положении.\r \\n3.Задержавшись на секунду, возвращайтесь в исходное положение. \r \\n4.Выполните необходимое количество повторений. \r \\n5.Начните с 10 повторений. Как только вы  хорошо освоите технику отжиманий от скамьи, вы сможете приступить к более сложным вариациям, например отжиманиям от скамьи с приподнятыми ногами.  Этот вариант гораздо больше прорабатывает трицепсы и, в результате, сильнее напрягает мышцы.\r ','Трицепс,Грудь',1,1,'2019-11-24 09:20:50'),(76,'Наклоны туловища вперед','1.Вам нужно встать ровно, поставить стопы на ширину плеч, выпрямить спину. В пояснице сохраняйте естественный прогиб. Грудная клетка должна быть расправленной. \r \\n2.Напрягите пресс. Держа спину прямой, опустите корпус вниз, проворачиваясь в тазобедренных суставах. Если гибкость ваша недостаточно хороша, чтобы достать до пола руками, не скругляйте спину, а слегка согните ноги в коленях. Гибкость со временем натренируется, и вы сможете полноценно наклоняться вперед с прямыми ногами. \r \\n3.Достигнув нижней точки, задержитесь в ней на пару секунд, затем вернитесь в исходное положение, задействуя мышцы ягодиц. Повторите упражнение необходимое количество раз.\r ','Бёдра,Ягодицы,Спина',1,3,'2019-11-25 15:50:43'),(77,'Разгибание ног в упоре лежа на боку','Упражнение удобно тем, что его исходная позиция созвучна с предыдущими двумя занятиями. Уменьшить объем широких бедер можно посредством статичного, но довольно эффективного сгибательного и разгибательного движения ногой.','Бёдра,Ягодицы,Спина',2,3,'2019-11-25 16:56:44'),(78,'Отведение ног в сторону в боковой планке','1.Упираясь правым локтем в пол, левую руку ставим на пояс, поднимаем бедра от пола и занимаем положение боковой планки.\r \\n2.На счет «раз» отводим вытянутую стрункой левую ногу в сторону (влево) вверх на максимально возможное расстояние от правой ноги.\r \\n3.Пытаемся зафиксировать в верхней точке ногу на одну секунду, стараясь при этом максимально сильно сократить мышцы ягодиц.\r \\n4.Опускаем на счет «два» ногу в исходное положение не рывком, а медленным и планомерным движением.','Бёдра,Ягодицы,Спина',2,3,'2019-11-25 17:00:19'),(79,'Скручивания «велосипед»','Лягте на спину, руки уберите за голову, локти расставьте в стороны, прямые ноги поднимите от пола.','Пресс',1,2,'2019-11-25 17:05:51'),(80,'Обратная планка','1.Сядь на пол. Выпрями ноги и обопрись на руки (ладони раскрыты) для прочной опоры. \r \\n2.Наклони торс под углом 45° к полу. Руки поставь за ягодицы так, чтобы они находились на одном уровне с плечами.\r \\n3.Поддерживай вес своего тела руками и пятками, поднимая ягодицы.\r \\n4.Поднимай торс, ноги и ягодицы, пока они не будут расположены на одной линии, как при классической планке.\r \\n5.Напряги мышцы живота и втягивай его, пока корпус движется вверх.\r \\n6.Задержись в этом положении на 15–60 секунд.\r \\n7.Медленно опусти корпус.','Бёдра,Ягодицы,Пресс',2,2,'2019-11-25 17:14:14'),(81,'Приседания с подъёмом гантелей','1.Возьмите пару гантелей и держите их чуть выше плеч. Ноги на ширине плеч. Это ваше исходное положение. \r \\n2.Затем опуститесь в приседание, сгибая колени и опуская бедра до тех пор, пока они не будут, по крайней мере, параллельными полу (можно опуститься в глубокий присед).\r \\n3.Затем вытолкните себя в исходное положение, одновременно выталкивая гантели прямо вверх над головой. Руки и ноги должны быть прямыми в конечной позиции. Вы выполнили одно повторение. \r \\n4.Когда вы начнете следующее повторение, верните гантели на плечи.','Плечи,Бедра,Ягодицы',2,1,'2019-11-25 17:17:53'),(82,'Т-поворот из упора лёжа','Не отрывайте носки от пола, просто разворачивайте корпус в сторону и направляйте руку в потолок.','Бёдра,Ягодицы,Пресс',2,2,'2019-11-25 17:30:33'),(83,'Поза Кошки и поза Коровы','1.Необходимо опуститься на четвереньки таким образом, чтобы колени находились под тазобедренными суставами, а ладони — под плечевыми.\r \\n2.Руки и колени должны располагаться на одной линии.\r \\n3.Затем спину нужно максимально округлить, пытаясь выгнуть ее вверх, как это делает кошка.\r \\n4.Необходимо следить за положением плеч и шеи — голова должна быть опущена вниз, шея расслаблена, плечи не напряжены. Асана направлена на развитие гибкости позвоночника, поэтому все движения делаются плавно, действительно по-кошачьи.\r \\n5.Поза кошки продолжается плавным изменением выгиба позвоночника на максимальный прогиб. Для этого спина плавно возвращается в исходную позицию.\r \\n6.Мягким движением голова поднимается вверх, все тело вытягивается за шеей, спина прогнута.\r \\n7.Взгляд вверх, шея вытянута. Голову не запрокидывать!\r \\n8.Должно ощущаться максимальное растяжение всех мышц, но без перенапряжения.','Пресс,Спина',2,2,'2019-11-25 17:42:12'),(84,'Разводка гантелей лёжа на полу','1.Расположитесь на полу, ноги слегка согните в коленях.\r \\n2.Поднимите гантели над собой (если вы работаете с тяжелым весом, то лучше брать гантели с помощью напарника), руки должны быть слегка согнуты, чтобы снять напряжение с локтевого сустава.\r \\n3.На вдохе разведите гантели в стороны, так чтоб локти стали в одну линию с плечами.\r \\n4.На выдохе сведите руки вместе, почти до касания внутренней части бицепса к груди .\r \\n5.Если вы хотите перенести нагрузку на низ грудных, поднимите таз вверх, уперевшись в пол пятками и постоянно удерживайте его в таком положении.','Грудь,Плечи',1,1,'2019-11-25 17:52:50'),(85,'Болгарский сплит-присед на одной ноге','Подберите опору не выше своего колена, встаньте к ней спиной и поставьте на неё носок одной ноги. Сделайте приседание почти до касания коленом пола. Впереди стоящее колено не выходит за носок. Если выходит, поставьте ногу чуть дальше от опоры.','Бёдра,Ягодицы',1,3,'2019-11-25 17:57:11'),(86,'Планка с поднятой рукой и ногой','Принимаем исходное положение планки и поднимаем руку или ногу. При этом следим, чтобы ни плечи, ни тазобедренные суставы не смещались с прямой линии. Сложность этого варианта планки заключается не только в увеличении нагрузки на корпус, но и в необходимости удерживать баланс и следить за тем, чтобы все тело представляло собой прямую линию.','Пресс,Плечи,Ягодицы',3,3,'2019-11-25 18:01:10'),(87,'Планка на боку с провалом таза','Исходное положение классическое с упором на локоть. Сожмите абдоминальные и ягодичные мышцы и медленно опустите таз до касания с полом. Вернитесь в стартовое положение и совершите нужное количество раз.\n','Ягодицы,Пресс',1,2,'2019-11-25 18:15:08'),(88,'Выпады по-болгарски с гантелями','1.Возьмите гантели, подойдите к скамье и станьте к ней спиной. Сделайте одной ногой широкий шаг вперед, а вторую положите на скамью на верхнюю часть стопы. Руки с гантелями опустите вдоль корпуса. Это ваше исходное положение. \r \\n2.Сохраняя ровное положение корпуса и естественный прогиб в спине, присядьте на рабочей ноге так, чтобы ее бедро достигло параллели с полом. Колено этой ноги во время приседа не должно выходить за линию носка. Центр тяжести находится на пятке рабочей ноги, но носок от пола не отрывается. Колено опорной ноги свободно опускается вниз. \r \\n3.Толкнитесь пяткой от пола и вернитесь в исходное положение.','Бёдра,Ягодицы',1,3,'2019-11-25 18:22:00'),(89,'Приседание «пистолетик»','1.Встаньте ровно и поставьте ноги на ширине плеч. Перенесите вес тела на опорную ногу, вторую ногу слегка оторвите от пола. Руки вытяните вперед для равновесия. \r \\n2.Медленно и подконтрольно приседайте на опорной ноге, одновременно поднимая вперед прямую вторую ногу. Ваш таз при этом должен отводиться назад, а не подворачиваться вперед. Здесь-то и нужна гибкость в тазобедренных суставах. Корпус при этом наклоняется вперед для равновесия. Стремитесь держать спину ровной. Вторая (нерабочая) нога абсолютно прямая должна подниматься одновременно с тем, как вы опускаетесь вниз. \r \\n3.Опустившись в нижнюю точку движения (бицепс бедра прижался к икроножной мышце), проконтролируйте положение нерабочей ноги. Оно должно быть параллельно полу. Спина по возможности должна быть прямой. Колено опорной ноги при этом выйдет за носок, и этим данное упражнение отличается от классических приседаний. Собственно это и есть самый травмоопасный момент во всем движении. \r \\n4.Максимально напрягите мышцы бедер и ягодиц и с силой, но без рывка, толкнитесь от пола пяткой опорной ноги. Поднимите таз и разогните колено. Нерабочую ногу приставьте к опорной ноге.\r ','Квадрицепсы,Спина,Пресс',3,3,'2019-11-25 18:30:11'),(90,'Скалолаз','В упоре лёжа согните колено одной ноги и подтяните его к груди. Стопу можете оставить на весу или поставить на пол. Быстро верните ногу обратно и повторите для другой ноги. Чтобы ускорить упражнение, меняйте ноги с прыжком, но при этом следите, чтобы таз не сильно ходил вверх и вниз — старайтесь держать его на месте.','Пресс,Ягодицы,Икры',2,2,'2019-11-25 18:33:25'),(91,'Планка с опорой на локоть с поднятой ногой','Опустившись на локти, необходимо не только удерживать тело на прямой линии, но и поддерживать равновесие. В этом варианте планки значительно увеличивается нагрузка на мышцы живота и ягодиц, в ней задействованы косые мышцы живота и мышцы спины.','Пресс,Ягодицы,Бёдра',2,2,'2019-11-25 18:35:48'),(92,'Мостик','1.Спина при выполнении мостика должна быть выгнута по дуге. Мостик с прямой спиной, сделанный за счет конечностей, является неправильным. \r \\n2.Ягодицы должны находиться выше головы и плеч. \r \\n3.Конечности должны быть максимально прямыми, руки стоять на ладонях, а ноги на стопах. Расстояние между ладонями (как и между стопами) должно быть равно ширине плеч. Добиться такого уровня исполнения непросто, но мы сейчас говорим об идеальном варианте. \r \\n4.Дыхание должно быть свободным, без задержек.','Спина,Ягодицы,Бёдра,Пресс',1,2,'2019-11-25 18:49:19'),(93,'Классические приседания','Cтоя, стопы на ширине таза, руки вдоль тела. На вдохе, отводя таз назад, согните ноги в коленях до прямого угла. На выдохе вернитесь в исходную позицию.','Ягодицы,Бёдра',1,3,'2019-12-01 07:26:04'),(94,'Мост на одной ноге','Лягте на спину, поставьте стопы на пол. Поднимите одну ногу и выпрямите её. Напрягая ягодичные мышцы, оторвите таз от пола и поднимите его. Таз, поясница и поднятая нога должны вытянуться в одну линию. Опустите ногу и повторите.\r ','Ягодицы,Бёдра',1,3,'2019-12-01 07:32:34'),(95,'Бёрпи','Поставьте ноги на ширине плеч. Через упор лёжа опуститесь на пол, коснитесь пола грудью и бёдрами. С прыжком подставьте ноги ближе к рукам, выпрямитесь и прыгните, хлопнув за головой.\r \r ','Все тело',2,4,'2019-12-01 07:37:35'),(96,'Шагающая планка','Встаньте в упор лёжа. По очереди опустите руки на предплечья, затем поднимитесь обратно. Каждый раз начинайте опускаться с другой руки.\r \r ','Пресс,Трицепс,Грудь,Плечи,Спина',1,2,'2019-12-01 07:42:59'),(97,'Пловец','Лягте на живот, оторвите от пола прямые руки и ноги. Поднимите повыше правую руку и левую ногу, затем — левую руку и правую ногу. Продолжайте чередовать их, не опускаясь на пол до конца упражнения.\r ','Пресс,Ягодицы,Бёдра,Спина,Плечи',2,4,'2019-12-01 07:45:37'),(98,'Прыжки вбок в планке + выход в присед','Следите, чтобы плечи находились над запястьями, при возврате в планку напрягайте пресс, чтобы избежать компрессии в пояснице. В приседание нужно выходить прыжком и, не выпрямляясь полностью, снова уходить в упор лёжа.\r \\nЕсли прыжок в приседание не получается, исключите его.','Пресс,Ягодицы,Бёдра',2,2,'2019-12-01 07:50:14'),(99,'Ягодичный мостик','Упражнение нагружает ягодичные мышцы и заднюю поверхность бёдер.\r \\n1.Лягте на спину, ноги согните в коленях, стопы поставьте на пол.\r \\n2.На выдохе поднимите таз как можно выше, напрягите ягодицы.\r \\n3.Со вдохом опуститесь на пол в исходное положение.','Ягодицы,Бёдра',1,3,'2019-12-01 07:54:39'),(100,'Выход в позу собаки мордой вниз','Из наклона опустите руки на пол, пройдите ладонями по полу и встаньте в йоговскую асану «собака мордой вниз». Поставьте ладони на пол, выпрямите спину. Если пятки при этом оторвутся от пола, а колени согнутся, не страшно. Проведите в позе следующие восемь дыхательных циклов.','Ягодицы,Бёдра,Пресс,Плечи',1,3,'2019-12-01 07:59:56'),(101,'Выпады назад','Не опускайтесь до конца, чтобы не удариться коленом об пол. Следите, чтобы оно не выходило за носок и не заворачивалось внутрь. Выпад назад считается за один раз.','Ягодицы,Бёдра',1,3,'2019-12-01 08:11:16'),(102,'Отжимания от пола на одном колене','1.Для начала вам нужно принять упор лежа. Ладони должны быть слегка шире ваших плеч, а туловище вытянуто в струну. Сделайте упор на одно из колен, а вторую ногу вытяните. \r \\n2.Сделайте вдох, но не изменяйте положение своего туловища, опускайтесь грудными вниз, сгибая руки в локтях. Оставьте между грудными и полом парочку см.\r \\n3.На выдохе, выпрямляя руки, возвращайтесь в исходное положение, не забывайте чередовать колени на которые делаете упор.','Грудь,Трицепс,Ягодицы,Бёдра',1,1,'2019-12-01 08:27:11'),(103,'Планка с касанием колен','Когда подаёте таз вверх, удерживайте спину прямой.','Пресс,Спина',1,2,'2019-12-01 09:01:21'),(104,'Ножницы','Выпрямите ноги, не опускайте ноги на пол до конца упражнения. Старайтесь не сутулиться.','Пресс,Ягодицы,Квадрицепсы',1,2,'2019-12-01 09:05:02'),(105,'Приседание с касанием пола рукой','Слегка согните колени, прыгайте на полупальцах — так вы сможете выполнять упражнение быстро. Во время наклона держите спину прямой, чередуйте руки. Отсчитывайте количество раз по касаниям.','Ягодицы,Бёдра,Пресс,Спина',1,3,'2019-12-01 09:10:17'),(106,'Ножницы, лежа на боку','Выпрямите ноги, не опускайте ноги на пол до конца упражнения. ','Пресс,Ягодицы,Квадрицепсы',1,3,'2019-12-01 09:19:00'),(107,'Приседание с гантелями между ног','Упражнение выполняют с одной или двумя гантелями, чем шире постановка ног, тем больше нагрузка ложится на внутренний участок мышц ног. Спину не стоит сильно наклонять вперёд, во время приседа должны чувствовать напряжение ног и ягодиц. Когда упражнение освоите и гибкость повысится, следует становится на подставки – это позволит опускаться ниже и эффективнее нагружать ноги ягодицы.\r ','Ягодицы,Бёдра',1,3,'2019-12-01 09:26:48'),(108,'Обратный мостик','1.Сядьте на пол, ноги согните в коленях. Руками упритесь сзади в пол, пальцы разверните назад. Расстояние между ногами должно соответствовать размеру вашего кулака.\r \\n2.Вместе с выдохом поднимите таз с помощью ягодиц, выпрямляя туловище. В идеале весь корпус и бедра должны быть параллельны полу. В горизонтальном положении таза напрягите ягодицы, после чего опускайте таз вниз.\r ','Ягодицы,Бёдра',1,3,'2019-12-01 09:37:46'),(109,'Подъём согнутой ноги стоя на коленях\n','1.Станьте на колени, наклонитесь корпусом вперёд и упритесь ладонями или предплечьями в пол. Живот втяните, поясницу напрягите. Шея прямая должны быть на одном уровне с корпусом.\r \\n2.Поднимите ногу, согнутую в колене максимально вверх и задержите в этой позиции на 1-2 секунды. Опустите ногу вниз, но не до конца, чтобы не расслаблять ягодицы. Выдох должен происходить на усилии.\r ','Ягодицы,Бёдра',1,3,'2019-12-01 09:42:38'),(110,'Подъём на скамью','Сделав вдох, поставьте ногу на скамью и поднимитесь на ней. Распрямляйте ногу полностью. Стоя на основной ноге, поднимите вторую ногу согнутую в колене. Сделайте выдох. Плавно опуститесь на носок второй ноги и делайте вдох. Когда вторая нога уверенно станет на пол, приподнимите стопу основной ноги и повторите упражнение.','Пресс,Ягодицы,Квадрицепсы,Икры',1,3,'2019-12-01 09:48:43'),(111,'Ласточка','1.Встаньте на колени и обопритесь на локти. \r  \\n2.Напрягая мышцы правой (левой) ноги, не спеша вытягиваем ее до положения параллельного полу. \r  \\n3.Затем продолжаем вести ногу выше, достигая угла примерно в 45 градусов от параллели пола. \r  \\n4.Медленно опустите ногу в исходное положение. Повторите упражнение.','Ягодицы,Бёдра,Пресс,Спина',2,3,'2019-12-01 09:53:33'),(112,'Подъем согнутых ног лежа на спине','1.Исходное положение. Лягте на спину, согните ноги в коленях под углом примерно 90 градусов. Поставьте ступни на мат на ширине бедер. Вытяните руки вдоль туловища ладонями вниз.\r \\n2.Выдох. Не меняя угол между голенью и бедром, поднимите одну ногу, чтобы бедро приняло вертикальное положение, а голень была параллельна полу, как показано на рисунке, иллюстрирующем 2-ю фазу.\r \\n3.Вдох. Опустите ногу до касания пальцами мата. Угол в коленном суставе остается прежним. Повторите упражнение пять раз одной ногой, а затем поставьте ступню на мат. Проделайте то же самое другой ногой.','Пресс,Ягодицы,Квадрицепсы',1,2,'2019-12-01 09:57:23');
/*!40000 ALTER TABLE `EXERCISE` ENABLE KEYS */;
UNLOCK TABLES;

--
-- Table structure for table `EXERCISE_IMAGE`
--

DROP TABLE IF EXISTS `EXERCISE_IMAGE`;
/*!40101 SET @saved_cs_client     = @@character_set_client */;
/*!50503 SET character_set_client = utf8mb4 */;
CREATE TABLE `EXERCISE_IMAGE` (
  `ID` int(11) NOT NULL AUTO_INCREMENT,
  `EXERCISE_ID` int(11) NOT NULL,
  `PHOTO_URL` varchar(1024) NOT NULL,
  `DATE_CREATE` timestamp NOT NULL DEFAULT CURRENT_TIMESTAMP,
  PRIMARY KEY (`ID`)
) ENGINE=InnoDB AUTO_INCREMENT=223 DEFAULT CHARSET=utf8;
/*!40101 SET character_set_client = @saved_cs_client */;

--
-- Dumping data for table `EXERCISE_IMAGE`
--

LOCK TABLES `EXERCISE_IMAGE` WRITE;
/*!40000 ALTER TABLE `EXERCISE_IMAGE` DISABLE KEYS */;
INSERT INTO `EXERCISE_IMAGE` VALUES (1,1,'https://lifegid.com/media/res/2/6/0/6/4/26064.pc4a0o.300.jpg','2019-02-11 11:34:46'),(2,1,'https://lifegid.com/media/res/2/6/0/6/4/26064.pc4a0o.300.jpg','2019-02-11 11:34:46'),(3,3,'https://api.vvvteam.ru/img/exercise/3/1.png','2019-11-23 12:37:52'),(4,3,'https://api.vvvteam.ru/img/exercise/3/2.png','2019-11-23 12:37:59'),(5,4,'https://api.vvvteam.ru/img/exercise/4/1.png','2019-11-23 12:59:26'),(6,4,'https://api.vvvteam.ru/img/exercise/4/2.png','2019-11-23 12:59:32'),(8,5,'https://api.vvvteam.ru/img/exercise/5/1.png','2019-11-23 13:07:51'),(9,5,'https://api.vvvteam.ru/img/exercise/5/2.png','2019-11-23 13:07:56'),(10,6,'https://api.vvvteam.ru/img/exercise/6/1.png','2019-11-23 13:18:17'),(11,6,'https://api.vvvteam.ru/img/exercise/6/2.png','2019-11-23 13:18:23'),(12,7,'https://api.vvvteam.ru/img/exercise/7/1.png','2019-11-23 13:26:57'),(13,7,'https://api.vvvteam.ru/img/exercise/7/2.png','2019-11-23 13:27:01'),(14,8,'https://api.vvvteam.ru/img/exercise/8/1.png','2019-11-23 13:31:03'),(15,8,'https://api.vvvteam.ru/img/exercise/8/2.png','2019-11-23 13:31:07'),(16,9,'https://api.vvvteam.ru/img/exercise/9/1.png','2019-11-23 13:40:29'),(17,9,'https://api.vvvteam.ru/img/exercise/9/2.png','2019-11-23 13:40:32'),(18,10,'https://api.vvvteam.ru/img/exercise/10/1.png','2019-11-23 13:44:08'),(19,10,'https://api.vvvteam.ru/img/exercise/10/2.png','2019-11-23 13:44:11'),(20,11,'https://api.vvvteam.ru/img/exercise/11/1.png','2019-11-23 13:46:25'),(21,11,'https://api.vvvteam.ru/img/exercise/11/2.png','2019-11-23 13:46:29'),(22,11,'https://api.vvvteam.ru/img/exercise/11/3.png','2019-11-23 13:46:31'),(23,12,'https://api.vvvteam.ru/img/exercise/12/1.png','2019-11-23 13:51:55'),(24,12,'https://api.vvvteam.ru/img/exercise/12/2.png','2019-11-23 13:51:58'),(25,13,'https://api.vvvteam.ru/img/exercise/13/1.png','2019-11-23 13:56:09'),(26,13,'https://api.vvvteam.ru/img/exercise/13/2.png','2019-11-23 13:56:11'),(27,14,'https://api.vvvteam.ru/img/exercise/14/1.png','2019-11-23 14:14:28'),(28,14,'https://api.vvvteam.ru/img/exercise/14/2.png','2019-11-23 14:14:33'),(29,14,'https://api.vvvteam.ru/img/exercise/14/3.png','2019-11-23 14:14:38'),(30,15,'https://api.vvvteam.ru/img/exercise/15/1.png','2019-11-23 14:18:59'),(31,15,'https://api.vvvteam.ru/img/exercise/15/2.png','2019-11-23 14:19:04'),(32,16,'https://api.vvvteam.ru/img/exercise/16/1.png','2019-11-23 14:25:49'),(33,16,'https://api.vvvteam.ru/img/exercise/16/2.png','2019-11-23 14:25:52'),(34,16,'https://api.vvvteam.ru/img/exercise/16/3.png','2019-11-23 14:25:56'),(35,16,'https://api.vvvteam.ru/img/exercise/16/4.png','2019-11-23 14:25:59'),(36,17,'https://api.vvvteam.ru/img/exercise/17/1.png','2019-11-23 14:32:42'),(37,17,'https://api.vvvteam.ru/img/exercise/17/2.png','2019-11-23 14:32:45'),(38,18,'https://api.vvvteam.ru/img/exercise/18/1.png','2019-11-23 14:36:07'),(39,18,'https://api.vvvteam.ru/img/exercise/18/2.png','2019-11-23 14:36:10'),(40,19,'https://api.vvvteam.ru/img/exercise/19/1.png','2019-11-23 15:33:54'),(41,19,'https://api.vvvteam.ru/img/exercise/19/2.png','2019-11-23 15:33:57'),(42,20,'https://api.vvvteam.ru/img/exercise/20/1.png','2019-11-23 15:43:10'),(43,20,'https://api.vvvteam.ru/img/exercise/20/2.png','2019-11-23 15:43:14'),(44,21,'https://api.vvvteam.ru/img/exercise/21/1.png','2019-11-23 15:48:06'),(45,21,'https://api.vvvteam.ru/img/exercise/21/2.png','2019-11-23 15:48:10'),(46,22,'https://api.vvvteam.ru/img/exercise/22/1.png','2019-11-23 16:10:20'),(47,22,'https://api.vvvteam.ru/img/exercise/22/2.png','2019-11-23 16:10:23'),(48,23,'https://api.vvvteam.ru/img/exercise/23/1.png','2019-11-23 16:26:08'),(49,23,'https://api.vvvteam.ru/img/exercise/23/2.png','2019-11-23 16:26:13'),(50,24,'https://api.vvvteam.ru/img/exercise/24/1.png','2019-11-23 16:47:16'),(51,24,'https://api.vvvteam.ru/img/exercise/24/2.png','2019-11-23 16:47:20'),(52,25,'https://api.vvvteam.ru/img/exercise/25/1.png','2019-11-23 16:53:44'),(53,25,'https://api.vvvteam.ru/img/exercise/25/2.png','2019-11-23 16:53:48'),(54,26,'https://api.vvvteam.ru/img/exercise/26/1.png','2019-11-23 17:02:06'),(55,26,'https://api.vvvteam.ru/img/exercise/26/2.png','2019-11-23 17:02:09'),(56,27,'https://api.vvvteam.ru/img/exercise/27/1.png','2019-11-23 17:04:09'),(57,27,'https://api.vvvteam.ru/img/exercise/27/2.png','2019-11-23 17:04:18'),(58,28,'https://api.vvvteam.ru/img/exercise/28/1.png','2019-11-23 17:11:44'),(59,28,'https://api.vvvteam.ru/img/exercise/28/2.png','2019-11-23 17:11:47'),(60,28,'https://api.vvvteam.ru/img/exercise/28/3.png','2019-11-23 17:11:51'),(62,29,'https://api.vvvteam.ru/img/exercise/29/1.png','2019-11-23 17:17:09'),(63,29,'https://api.vvvteam.ru/img/exercise/29/2.png','2019-11-23 17:17:12'),(65,30,'https://api.vvvteam.ru/img/exercise/30/1.png','2019-11-23 17:20:22'),(66,30,'https://api.vvvteam.ru/img/exercise/30/2.png','2019-11-23 17:20:25'),(67,31,'https://api.vvvteam.ru/img/exercise/31/1.png','2019-11-23 17:22:03'),(68,31,'https://api.vvvteam.ru/img/exercise/31/2.png','2019-11-23 17:22:06'),(69,32,'https://api.vvvteam.ru/img/exercise/32/1.png','2019-11-23 17:25:01'),(70,32,'https://api.vvvteam.ru/img/exercise/32/2.png','2019-11-23 17:25:05'),(71,33,'https://api.vvvteam.ru/img/exercise/33/1.png','2019-11-23 17:27:53'),(72,33,'https://api.vvvteam.ru/img/exercise/33/2.png','2019-11-23 17:27:57'),(73,34,'https://api.vvvteam.ru/img/exercise/34/1.png','2019-11-23 17:32:00'),(74,35,'https://api.vvvteam.ru/img/exercise/35/1.png','2019-11-23 17:34:40'),(75,36,'https://api.vvvteam.ru/img/exercise/36/1.png','2019-11-23 17:38:25'),(76,36,'https://api.vvvteam.ru/img/exercise/36/2.png','2019-11-23 17:38:29'),(77,37,'https://api.vvvteam.ru/img/exercise/37/1.png','2019-11-23 17:43:18'),(78,37,'https://api.vvvteam.ru/img/exercise/37/2.png','2019-11-23 17:43:21'),(79,38,'https://api.vvvteam.ru/img/exercise/38/1.png','2019-11-23 17:47:20'),(80,38,'https://api.vvvteam.ru/img/exercise/38/2.png','2019-11-23 17:47:23'),(81,39,'https://api.vvvteam.ru/img/exercise/39/1.png','2019-11-23 17:51:04'),(82,39,'https://api.vvvteam.ru/img/exercise/39/2.png','2019-11-23 17:51:07'),(83,40,'https://api.vvvteam.ru/img/exercise/40/1.png','2019-11-23 17:57:43'),(84,40,'https://api.vvvteam.ru/img/exercise/40/2.png','2019-11-23 17:57:47'),(85,41,'https://api.vvvteam.ru/img/exercise/41/1.png','2019-11-23 18:00:28'),(86,41,'https://api.vvvteam.ru/img/exercise/41/2.png','2019-11-23 18:00:32'),(87,42,'https://api.vvvteam.ru/img/exercise/42/1.png','2019-11-23 18:04:00'),(88,42,'https://api.vvvteam.ru/img/exercise/42/2.png','2019-11-23 18:04:02'),(89,43,'https://api.vvvteam.ru/img/exercise/43/1.png','2019-11-23 18:06:28'),(90,43,'https://api.vvvteam.ru/img/exercise/43/2.png','2019-11-23 18:06:32'),(91,44,'https://api.vvvteam.ru/img/exercise/44/1.png','2019-11-23 18:09:38'),(92,44,'https://api.vvvteam.ru/img/exercise/44/2.png','2019-11-23 18:09:42'),(93,45,'https://api.vvvteam.ru/img/exercise/45/1.png','2019-11-23 18:12:48'),(94,45,'https://api.vvvteam.ru/img/exercise/45/2.png','2019-11-23 18:12:51'),(95,46,'https://api.vvvteam.ru/img/exercise/46/1.png','2019-11-23 18:22:25'),(96,46,'https://api.vvvteam.ru/img/exercise/46/2.png','2019-11-23 18:22:28'),(97,47,'https://api.vvvteam.ru/img/exercise/47/1.png','2019-11-23 18:27:14'),(98,47,'https://api.vvvteam.ru/img/exercise/47/2.png','2019-11-23 18:27:17'),(99,48,'https://api.vvvteam.ru/img/exercise/48/1.png','2019-11-23 18:30:14'),(100,48,'https://api.vvvteam.ru/img/exercise/48/2.png','2019-11-23 18:30:19'),(101,49,'https://api.vvvteam.ru/img/exercise/49/1.png','2019-11-23 18:32:46'),(102,49,'https://api.vvvteam.ru/img/exercise/49/2.png','2019-11-23 18:32:49'),(103,49,'https://api.vvvteam.ru/img/exercise/49/3.png','2019-11-23 18:32:52'),(104,50,'https://api.vvvteam.ru/img/exercise/50/1.png','2019-11-23 18:35:33'),(105,50,'https://api.vvvteam.ru/img/exercise/50/2.png','2019-11-23 18:35:38'),(106,51,'https://api.vvvteam.ru/img/exercise/51/1.png','2019-11-23 18:39:01'),(107,51,'https://api.vvvteam.ru/img/exercise/51/2.png','2019-11-23 18:39:03'),(108,52,'https://api.vvvteam.ru/img/exercise/52/1.png','2019-11-23 18:48:53'),(109,52,'https://api.vvvteam.ru/img/exercise/52/2.png','2019-11-23 18:48:55'),(110,53,'https://api.vvvteam.ru/img/exercise/53/1.png','2019-11-23 18:52:13'),(111,53,'https://api.vvvteam.ru/img/exercise/53/2.png','2019-11-23 18:52:15'),(112,53,'https://api.vvvteam.ru/img/exercise/53/3.png','2019-11-23 18:52:21'),(113,54,'https://api.vvvteam.ru/img/exercise/54/1.png','2019-11-23 18:54:59'),(114,54,'https://api.vvvteam.ru/img/exercise/54/2.png','2019-11-23 18:55:01'),(115,55,'https://api.vvvteam.ru/img/exercise/55/1.png','2019-11-23 18:57:57'),(116,55,'https://api.vvvteam.ru/img/exercise/55/2.png','2019-11-23 18:58:01'),(117,56,'https://api.vvvteam.ru/img/exercise/56/1.png','2019-11-23 19:01:18'),(118,56,'https://api.vvvteam.ru/img/exercise/56/2.png','2019-11-23 19:01:21'),(119,57,'https://api.vvvteam.ru/img/exercise/57/1.png','2019-11-23 19:04:59'),(120,57,'https://api.vvvteam.ru/img/exercise/57/2.png','2019-11-23 19:05:02'),(121,58,'https://api.vvvteam.ru/img/exercise/58/1.png','2019-11-23 19:10:24'),(122,59,'https://api.vvvteam.ru/img/exercise/59/1.png','2019-11-23 19:12:04'),(123,60,'https://api.vvvteam.ru/img/exercise/60/1.png','2019-11-23 19:14:45'),(124,61,'https://api.vvvteam.ru/img/exercise/61/1.png','2019-11-23 19:17:31'),(125,61,'https://api.vvvteam.ru/img/exercise/61/2.png','2019-11-23 19:17:36'),(126,62,'https://api.vvvteam.ru/img/exercise/62/1.png','2019-11-23 19:20:35'),(127,62,'https://api.vvvteam.ru/img/exercise/62/2.png','2019-11-23 19:20:37'),(128,63,'https://api.vvvteam.ru/img/exercise/63/1.png','2019-11-23 19:23:20'),(129,64,'https://api.vvvteam.ru/img/exercise/64/1.png','2019-11-23 19:26:17'),(130,64,'https://api.vvvteam.ru/img/exercise/64/2.png','2019-11-23 19:26:20'),(131,65,'https://api.vvvteam.ru/img/exercise/65/1.png','2019-11-23 19:28:18'),(132,65,'https://api.vvvteam.ru/img/exercise/65/2.png','2019-11-23 19:28:22'),(133,66,'https://api.vvvteam.ru/img/exercise/66/1.png','2019-11-23 19:33:28'),(134,67,'https://api.vvvteam.ru/img/exercise/67/1.png','2019-11-23 19:35:13'),(135,68,'https://api.vvvteam.ru/img/exercise/68/1.png','2019-11-23 19:36:59'),(136,69,'https://api.vvvteam.ru/img/exercise/69/1.png','2019-11-23 19:40:33'),(137,69,'https://api.vvvteam.ru/img/exercise/69/2.png','2019-11-23 19:40:36'),(138,70,'https://api.vvvteam.ru/img/exercise/70/1.png','2019-11-23 19:43:11'),(139,70,'https://api.vvvteam.ru/img/exercise/70/2.png','2019-11-23 19:43:14'),(140,71,'https://api.vvvteam.ru/img/exercise/71/1.png','2019-11-23 19:47:33'),(141,72,'https://api.vvvteam.ru/img/exercise/72/1.png','2019-11-23 19:50:30'),(142,73,'https://api.vvvteam.ru/img/exercise/73/1.png','2019-11-23 19:53:45'),(143,74,'https://api.vvvteam.ru/img/exercise/74/1.png','2019-11-23 19:56:03'),(144,75,'https://api.vvvteam.ru/img/exercise/75/1.png','2019-11-24 09:19:40'),(145,75,'https://api.vvvteam.ru/img/exercise/75/2.png','2019-11-24 09:19:43'),(146,76,'https://api.vvvteam.ru/img/exercise/76/1.png','2019-11-25 15:46:39'),(147,76,'https://api.vvvteam.ru/img/exercise/76/2.png','2019-11-25 15:46:44'),(148,77,'https://api.vvvteam.ru/img/exercise/77/1.png','2019-11-25 16:55:38'),(149,77,'https://api.vvvteam.ru/img/exercise/77/2.png','2019-11-25 16:55:40'),(150,78,'https://api.vvvteam.ru/img/exercise/78/1.png','2019-11-25 16:57:37'),(151,78,'https://api.vvvteam.ru/img/exercise/78/2.png','2019-11-25 16:57:40'),(152,79,'https://api.vvvteam.ru/img/exercise/79/1.png','2019-11-25 17:04:23'),(153,79,'https://api.vvvteam.ru/img/exercise/79/2.png','2019-11-25 17:04:25'),(154,79,'https://api.vvvteam.ru/img/exercise/79/3.png','2019-11-25 17:04:32'),(155,80,'https://api.vvvteam.ru/img/exercise/80/1.png','2019-11-25 17:12:22'),(156,81,'https://api.vvvteam.ru/img/exercise/81/1.png','2019-11-25 17:16:47'),(157,81,'https://api.vvvteam.ru/img/exercise/81/2.png','2019-11-25 17:16:50'),(158,81,'https://api.vvvteam.ru/img/exercise/81/3.png','2019-11-25 17:16:53'),(159,82,'https://api.vvvteam.ru/img/exercise/82/1.png','2019-11-25 17:28:21'),(160,82,'https://api.vvvteam.ru/img/exercise/82/2.png','2019-11-25 17:28:24'),(161,83,'https://api.vvvteam.ru/img/exercise/83/1.png','2019-11-25 17:39:13'),(162,83,'https://api.vvvteam.ru/img/exercise/83/2.png','2019-11-25 17:39:16'),(163,84,'https://api.vvvteam.ru/img/exercise/84/1.png','2019-11-25 17:48:22'),(164,84,'https://api.vvvteam.ru/img/exercise/84/2.png','2019-11-25 17:48:26'),(165,85,'https://api.vvvteam.ru/img/exercise/85/1.png','2019-11-25 17:54:19'),(166,85,'https://api.vvvteam.ru/img/exercise/85/2.png','2019-11-25 17:54:23'),(167,86,'https://api.vvvteam.ru/img/exercise/86/1.png','2019-11-25 17:57:50'),(168,87,'https://api.vvvteam.ru/img/exercise/87/1.png','2019-11-25 18:11:25'),(169,87,'https://api.vvvteam.ru/img/exercise/87/2.png','2019-11-25 18:11:28'),(170,88,'https://api.vvvteam.ru/img/exercise/88/1.png','2019-11-25 18:18:54'),(171,88,'https://api.vvvteam.ru/img/exercise/88/2.png','2019-11-25 18:18:57'),(172,89,'https://api.vvvteam.ru/img/exercise/89/1.png','2019-11-25 18:24:05'),(173,89,'https://api.vvvteam.ru/img/exercise/89/2.png','2019-11-25 18:24:08'),(174,90,'https://api.vvvteam.ru/img/exercise/90/1.png','2019-11-25 18:32:22'),(175,90,'https://api.vvvteam.ru/img/exercise/90/2.png','2019-11-25 18:32:25'),(176,91,'https://api.vvvteam.ru/img/exercise/91/1.png','2019-11-25 18:34:00'),(177,91,'https://api.vvvteam.ru/img/exercise/91/2.png','2019-11-25 18:34:04'),(178,92,'https://api.vvvteam.ru/img/exercise/92/1.png','2019-11-25 18:44:15'),(179,93,'https://api.vvvteam.ru/img/exercise/93/1.png','2019-12-01 07:24:32'),(180,93,'https://api.vvvteam.ru/img/exercise/93/2.png','2019-12-01 07:24:36'),(181,94,'https://api.vvvteam.ru/img/exercise/94/1.png','2019-12-01 07:30:58'),(182,94,'https://api.vvvteam.ru/img/exercise/94/2.png','2019-12-01 07:31:01'),(183,95,'https://api.vvvteam.ru/img/exercise/95/1.png','2019-12-01 07:35:10'),(184,95,'https://api.vvvteam.ru/img/exercise/95/2.png','2019-12-01 07:35:13'),(185,95,'https://api.vvvteam.ru/img/exercise/95/3.png','2019-12-01 07:35:17'),(186,95,'https://api.vvvteam.ru/img/exercise/95/4.png','2019-12-01 07:35:21'),(187,95,'https://api.vvvteam.ru/img/exercise/95/5.png','2019-12-01 07:35:25'),(188,96,'https://api.vvvteam.ru/img/exercise/96/1.png','2019-12-01 07:40:35'),(189,96,'https://api.vvvteam.ru/img/exercise/96/2.png','2019-12-01 07:40:40'),(190,96,'https://api.vvvteam.ru/img/exercise/96/3.png','2019-12-01 07:40:44'),(191,97,'https://api.vvvteam.ru/img/exercise/97/1.png','2019-12-01 07:44:36'),(192,97,'https://api.vvvteam.ru/img/exercise/97/2.png','2019-12-01 07:44:39'),(193,98,'https://api.vvvteam.ru/img/exercise/98/1.png','2019-12-01 07:48:34'),(194,98,'https://api.vvvteam.ru/img/exercise/98/2.png','2019-12-01 07:48:37'),(195,99,'https://api.vvvteam.ru/img/exercise/99/1.png','2019-12-01 07:55:34'),(196,99,'https://api.vvvteam.ru/img/exercise/99/2.png','2019-12-01 07:55:37'),(197,100,'https://api.vvvteam.ru/img/exercise/100/1.png','2019-12-01 07:58:50'),(198,101,'https://api.vvvteam.ru/img/exercise/101/1.png','2019-12-01 08:09:56'),(199,101,'https://api.vvvteam.ru/img/exercise/101/2.png','2019-12-01 08:10:00'),(200,102,'https://api.vvvteam.ru/img/exercise/102/1.png','2019-12-01 08:21:49'),(201,102,'https://api.vvvteam.ru/img/exercise/102/2.png','2019-12-01 08:21:53'),(202,103,'https://api.vvvteam.ru/img/exercise/103/1.png','2019-12-01 08:59:38'),(203,103,'https://api.vvvteam.ru/img/exercise/103/2.png','2019-12-01 08:59:41'),(204,104,'https://api.vvvteam.ru/img/exercise/104/1.png','2019-12-01 09:03:37'),(205,104,'https://api.vvvteam.ru/img/exercise/104/2.png','2019-12-01 09:03:40'),(206,105,'https://api.vvvteam.ru/img/exercise/105/1.png','2019-12-01 09:08:31'),(207,105,'https://api.vvvteam.ru/img/exercise/105/2.png','2019-12-01 09:08:35'),(208,106,'https://api.vvvteam.ru/img/exercise/106/1.png','2019-12-01 09:16:10'),(209,106,'https://api.vvvteam.ru/img/exercise/106/2.png','2019-12-01 09:16:13'),(210,106,'https://api.vvvteam.ru/img/exercise/106/3.png','2019-12-01 09:16:16'),(211,107,'https://api.vvvteam.ru/img/exercise/107/1.png','2019-12-01 09:24:34'),(212,107,'https://api.vvvteam.ru/img/exercise/107/2.png','2019-12-01 09:24:37'),(213,108,'https://api.vvvteam.ru/img/exercise/108/1.png','2019-12-01 09:36:01'),(214,108,'https://api.vvvteam.ru/img/exercise/108/2.png','2019-12-01 09:36:07'),(215,109,'https://api.vvvteam.ru/img/exercise/109/1.png','2019-12-01 09:41:29'),(216,109,'https://api.vvvteam.ru/img/exercise/109/2.png','2019-12-01 09:41:34'),(217,110,'https://api.vvvteam.ru/img/exercise/110/1.png','2019-12-01 09:46:24'),(218,110,'https://api.vvvteam.ru/img/exercise/110/2.png','2019-12-01 09:46:29'),(219,111,'https://api.vvvteam.ru/img/exercise/111/1.png','2019-12-01 09:50:38'),(220,111,'https://api.vvvteam.ru/img/exercise/111/2.png','2019-12-01 09:50:41'),(221,112,'https://api.vvvteam.ru/img/exercise/112/1.png','2019-12-01 09:55:58'),(222,112,'https://api.vvvteam.ru/img/exercise/112/2.png','2019-12-01 09:56:02');
/*!40000 ALTER TABLE `EXERCISE_IMAGE` ENABLE KEYS */;
UNLOCK TABLES;

--
-- Table structure for table `FILE_STORAGE`
--

DROP TABLE IF EXISTS `FILE_STORAGE`;
/*!40101 SET @saved_cs_client     = @@character_set_client */;
/*!50503 SET character_set_client = utf8mb4 */;
CREATE TABLE `FILE_STORAGE` (
  `ID` int(11) NOT NULL AUTO_INCREMENT,
  `ID_USER` int(11) NOT NULL,
  `PATCH` varchar(512) NOT NULL,
  `DATE_CREATE` timestamp NOT NULL DEFAULT CURRENT_TIMESTAMP,
  PRIMARY KEY (`ID`)
) ENGINE=InnoDB AUTO_INCREMENT=33 DEFAULT CHARSET=utf8;
/*!40101 SET character_set_client = @saved_cs_client */;

--
-- Dumping data for table `FILE_STORAGE`
--

LOCK TABLES `FILE_STORAGE` WRITE;
/*!40000 ALTER TABLE `FILE_STORAGE` DISABLE KEYS */;
INSERT INTO `FILE_STORAGE` VALUES (1,11,'https://api.vvvteam.ru/uploads/15322845571460728808.jpg','2018-07-22 18:35:57'),(2,10,'https://api.vvvteam.ru/uploads/15325461011797089319.jpg','2018-07-25 19:15:01'),(3,10,'https://api.vvvteam.ru/uploads/1532546120213602138.jpg','2018-07-25 19:15:20'),(4,10,'https://api.vvvteam.ru/uploads/1532546133576545962.jpg','2018-07-25 19:15:33'),(5,10,'https://api.vvvteam.ru/uploads/1532557832783917921.jpg','2018-07-25 22:30:32'),(6,10,'https://api.vvvteam.ru/uploads/1532633594431938494.jpg','2018-07-26 19:33:14'),(7,19,'https://api.vvvteam.ru/uploads/1541018908716213888.jpg','2018-10-31 20:48:28'),(8,19,'https://api.vvvteam.ru/uploads/1541019022471273719.jpg','2018-10-31 20:50:22'),(9,19,'https://api.vvvteam.ru/uploads/15410190441729328215.png','2018-10-31 20:50:44'),(10,19,'https://api.vvvteam.ru/uploads/15410191011969732266.jpg','2018-10-31 20:51:41'),(11,19,'https://api.vvvteam.ru/uploads/15410204091237074509.jpg','2018-10-31 21:13:29'),(12,36,'https://api.vvvteam.ru/uploads/15594163411093512955.jpg','2019-06-01 19:12:21'),(13,36,'https://api.vvvteam.ru/uploads/15594761451392658581.jpg','2019-06-02 11:49:05'),(14,36,'https://api.vvvteam.ru/uploads/1559476172781533696.jpg','2019-06-02 11:49:32'),(15,36,'https://api.vvvteam.ru/uploads/1559476208165970100.jpg','2019-06-02 11:50:08'),(16,36,'https://api.vvvteam.ru/uploads/15594764191934494562.jpg','2019-06-02 11:53:39'),(17,36,'https://api.vvvteam.ru/uploads/1559476689148107025.jpg','2019-06-02 11:58:09'),(18,41,'https://api.vvvteam.ru/uploads/15598082972094190007.jpg','2019-06-06 08:04:57'),(19,41,'https://api.vvvteam.ru/uploads/15598083981606335737.jpg','2019-06-06 08:06:38'),(20,41,'https://api.vvvteam.ru/uploads/1559830770538367776.jpg','2019-06-06 14:19:30'),(21,42,'https://api.vvvteam.ru/uploads/1559840397559771982.jpg','2019-06-06 16:59:57'),(22,42,'https://api.vvvteam.ru/uploads/15598405241360562553.jpg','2019-06-06 17:02:04'),(23,40,'https://api.vvvteam.ru/uploads/15607949781516864865.jpg','2019-06-17 18:09:38'),(24,45,'https://api.vvvteam.ru/uploads/1561364054973226815.jpg','2019-06-24 08:14:14'),(25,45,'https://api.vvvteam.ru/uploads/1561364080916219229.jpg','2019-06-24 08:14:40'),(26,46,'https://api.vvvteam.ru/uploads/1563468233285253584.jpg','2019-07-18 16:43:53'),(27,46,'https://api.vvvteam.ru/uploads/1570049032293594651.jpg','2019-10-02 20:43:53'),(28,46,'https://api.vvvteam.ru/uploads/15700490591711314823.jpg','2019-10-02 20:44:19'),(29,40,'https://api.vvvteam.ru/uploads/15758312181529288225.jpg','2019-12-08 18:53:38'),(30,40,'https://api.vvvteam.ru/uploads/1576244196859011114.jpg','2019-12-13 13:36:36'),(31,40,'https://api.vvvteam.ru/uploads/15762442221071442.jpg','2019-12-13 13:37:02'),(32,40,'https://api.vvvteam.ru/uploads/1576244264608460427.jpg','2019-12-13 13:37:44');
/*!40000 ALTER TABLE `FILE_STORAGE` ENABLE KEYS */;
UNLOCK TABLES;

--
-- Table structure for table `SP_EXERCISE_CONCENTRATION`
--

DROP TABLE IF EXISTS `SP_EXERCISE_CONCENTRATION`;
/*!40101 SET @saved_cs_client     = @@character_set_client */;
/*!50503 SET character_set_client = utf8mb4 */;
CREATE TABLE `SP_EXERCISE_CONCENTRATION` (
  `ID` int(11) NOT NULL,
  `NAME` varchar(45) DEFAULT NULL,
  PRIMARY KEY (`ID`)
) ENGINE=InnoDB DEFAULT CHARSET=utf8;
/*!40101 SET character_set_client = @saved_cs_client */;

--
-- Dumping data for table `SP_EXERCISE_CONCENTRATION`
--

LOCK TABLES `SP_EXERCISE_CONCENTRATION` WRITE;
/*!40000 ALTER TABLE `SP_EXERCISE_CONCENTRATION` DISABLE KEYS */;
INSERT INTO `SP_EXERCISE_CONCENTRATION` VALUES (1,'Верхняя часть'),(2,'Корпус'),(3,'Нужняя часть'),(4,'Все тело');
/*!40000 ALTER TABLE `SP_EXERCISE_CONCENTRATION` ENABLE KEYS */;
UNLOCK TABLES;

--
-- Table structure for table `SP_EXERCISE_LEVEL`
--

DROP TABLE IF EXISTS `SP_EXERCISE_LEVEL`;
/*!40101 SET @saved_cs_client     = @@character_set_client */;
/*!50503 SET character_set_client = utf8mb4 */;
CREATE TABLE `SP_EXERCISE_LEVEL` (
  `ID` int(11) NOT NULL,
  `NAME` varchar(45) NOT NULL,
  PRIMARY KEY (`ID`)
) ENGINE=InnoDB DEFAULT CHARSET=utf8;
/*!40101 SET character_set_client = @saved_cs_client */;

--
-- Dumping data for table `SP_EXERCISE_LEVEL`
--

LOCK TABLES `SP_EXERCISE_LEVEL` WRITE;
/*!40000 ALTER TABLE `SP_EXERCISE_LEVEL` DISABLE KEYS */;
INSERT INTO `SP_EXERCISE_LEVEL` VALUES (1,'Новичок'),(2,'Средний'),(3,'Уверенный');
/*!40000 ALTER TABLE `SP_EXERCISE_LEVEL` ENABLE KEYS */;
UNLOCK TABLES;

--
-- Table structure for table `SP_FACEBOOK_STATUS`
--

DROP TABLE IF EXISTS `SP_FACEBOOK_STATUS`;
/*!40101 SET @saved_cs_client     = @@character_set_client */;
/*!50503 SET character_set_client = utf8mb4 */;
CREATE TABLE `SP_FACEBOOK_STATUS` (
  `ID` int(11) NOT NULL,
  `NAME` varchar(45) DEFAULT NULL,
  PRIMARY KEY (`ID`)
) ENGINE=InnoDB DEFAULT CHARSET=utf8;
/*!40101 SET character_set_client = @saved_cs_client */;

--
-- Dumping data for table `SP_FACEBOOK_STATUS`
--

LOCK TABLES `SP_FACEBOOK_STATUS` WRITE;
/*!40000 ALTER TABLE `SP_FACEBOOK_STATUS` DISABLE KEYS */;
INSERT INTO `SP_FACEBOOK_STATUS` VALUES (0,'NOT COMPLETE'),(1,'COMPLETED');
/*!40000 ALTER TABLE `SP_FACEBOOK_STATUS` ENABLE KEYS */;
UNLOCK TABLES;

--
-- Table structure for table `SP_SEX`
--

DROP TABLE IF EXISTS `SP_SEX`;
/*!40101 SET @saved_cs_client     = @@character_set_client */;
/*!50503 SET character_set_client = utf8mb4 */;
CREATE TABLE `SP_SEX` (
  `ID` int(11) NOT NULL,
  `NAME` varchar(45) DEFAULT NULL,
  PRIMARY KEY (`ID`)
) ENGINE=InnoDB DEFAULT CHARSET=utf8;
/*!40101 SET character_set_client = @saved_cs_client */;

--
-- Dumping data for table `SP_SEX`
--

LOCK TABLES `SP_SEX` WRITE;
/*!40000 ALTER TABLE `SP_SEX` DISABLE KEYS */;
INSERT INTO `SP_SEX` VALUES (0,'none'),(1,'male'),(2,'female');
/*!40000 ALTER TABLE `SP_SEX` ENABLE KEYS */;
UNLOCK TABLES;

--
-- Table structure for table `SP_TEMPLATE_FOR_WHOM`
--

DROP TABLE IF EXISTS `SP_TEMPLATE_FOR_WHOM`;
/*!40101 SET @saved_cs_client     = @@character_set_client */;
/*!50503 SET character_set_client = utf8mb4 */;
CREATE TABLE `SP_TEMPLATE_FOR_WHOM` (
  `ID` int(11) NOT NULL AUTO_INCREMENT,
  `NAME` varchar(45) NOT NULL,
  PRIMARY KEY (`ID`)
) ENGINE=InnoDB AUTO_INCREMENT=28 DEFAULT CHARSET=utf8;
/*!40101 SET character_set_client = @saved_cs_client */;

--
-- Dumping data for table `SP_TEMPLATE_FOR_WHOM`
--

LOCK TABLES `SP_TEMPLATE_FOR_WHOM` WRITE;
/*!40000 ALTER TABLE `SP_TEMPLATE_FOR_WHOM` DISABLE KEYS */;
INSERT INTO `SP_TEMPLATE_FOR_WHOM` VALUES (1,'Мужчин'),(2,'Женщин'),(3,'Для всех'),(4,'tet job'),(5,'tet job'),(6,'tet job'),(7,'tet job'),(8,'tet job'),(9,'tet job'),(10,'tet job'),(11,'tet job'),(12,'tet job'),(13,'tet job'),(14,'tet job'),(15,'tet job'),(16,'tet job'),(17,'tet job'),(18,'tet job'),(19,'tet job'),(20,'tet job'),(21,'tet job'),(22,'tet job'),(23,'tet job'),(24,'tet job'),(25,'tet job'),(26,'tet job'),(27,'tet job');
/*!40000 ALTER TABLE `SP_TEMPLATE_FOR_WHOM` ENABLE KEYS */;
UNLOCK TABLES;

--
-- Table structure for table `SP_TEMPLATE_GOAL`
--

DROP TABLE IF EXISTS `SP_TEMPLATE_GOAL`;
/*!40101 SET @saved_cs_client     = @@character_set_client */;
/*!50503 SET character_set_client = utf8mb4 */;
CREATE TABLE `SP_TEMPLATE_GOAL` (
  `ID` int(11) NOT NULL AUTO_INCREMENT,
  `NAME` varchar(45) NOT NULL,
  PRIMARY KEY (`ID`)
) ENGINE=InnoDB AUTO_INCREMENT=7 DEFAULT CHARSET=utf8;
/*!40101 SET character_set_client = @saved_cs_client */;

--
-- Dumping data for table `SP_TEMPLATE_GOAL`
--

LOCK TABLES `SP_TEMPLATE_GOAL` WRITE;
/*!40000 ALTER TABLE `SP_TEMPLATE_GOAL` DISABLE KEYS */;
INSERT INTO `SP_TEMPLATE_GOAL` VALUES (1,'Подготовительная'),(2,'Набор массы'),(3,'Жиросжигание'),(4,'Увеличение силы'),(5,'Выносливость'),(6,'Поддержание формы');
/*!40000 ALTER TABLE `SP_TEMPLATE_GOAL` ENABLE KEYS */;
UNLOCK TABLES;

--
-- Table structure for table `SP_TEMPLATE_LEVEL_OF_TRAINING`
--

DROP TABLE IF EXISTS `SP_TEMPLATE_LEVEL_OF_TRAINING`;
/*!40101 SET @saved_cs_client     = @@character_set_client */;
/*!50503 SET character_set_client = utf8mb4 */;
CREATE TABLE `SP_TEMPLATE_LEVEL_OF_TRAINING` (
  `ID` int(11) NOT NULL AUTO_INCREMENT,
  `NAME` varchar(45) NOT NULL,
  PRIMARY KEY (`ID`)
) ENGINE=InnoDB AUTO_INCREMENT=4 DEFAULT CHARSET=utf8;
/*!40101 SET character_set_client = @saved_cs_client */;

--
-- Dumping data for table `SP_TEMPLATE_LEVEL_OF_TRAINING`
--

LOCK TABLES `SP_TEMPLATE_LEVEL_OF_TRAINING` WRITE;
/*!40000 ALTER TABLE `SP_TEMPLATE_LEVEL_OF_TRAINING` DISABLE KEYS */;
INSERT INTO `SP_TEMPLATE_LEVEL_OF_TRAINING` VALUES (1,'Новичок'),(2,'Любитель'),(3,'Профессионал');
/*!40000 ALTER TABLE `SP_TEMPLATE_LEVEL_OF_TRAINING` ENABLE KEYS */;
UNLOCK TABLES;

--
-- Table structure for table `SP_TEMPLATE_METRIC`
--

DROP TABLE IF EXISTS `SP_TEMPLATE_METRIC`;
/*!40101 SET @saved_cs_client     = @@character_set_client */;
/*!50503 SET character_set_client = utf8mb4 */;
CREATE TABLE `SP_TEMPLATE_METRIC` (
  `ID` int(11) NOT NULL AUTO_INCREMENT,
  `NAME` varchar(45) NOT NULL,
  PRIMARY KEY (`ID`)
) ENGINE=InnoDB AUTO_INCREMENT=3 DEFAULT CHARSET=utf8;
/*!40101 SET character_set_client = @saved_cs_client */;

--
-- Dumping data for table `SP_TEMPLATE_METRIC`
--

LOCK TABLES `SP_TEMPLATE_METRIC` WRITE;
/*!40000 ALTER TABLE `SP_TEMPLATE_METRIC` DISABLE KEYS */;
INSERT INTO `SP_TEMPLATE_METRIC` VALUES (1,'APPROACHES/REPETITIONS'),(2,'MINUTES');
/*!40000 ALTER TABLE `SP_TEMPLATE_METRIC` ENABLE KEYS */;
UNLOCK TABLES;

--
-- Table structure for table `SP_TEMPLATE_TRAINING_PLACE`
--

DROP TABLE IF EXISTS `SP_TEMPLATE_TRAINING_PLACE`;
/*!40101 SET @saved_cs_client     = @@character_set_client */;
/*!50503 SET character_set_client = utf8mb4 */;
CREATE TABLE `SP_TEMPLATE_TRAINING_PLACE` (
  `ID` int(11) NOT NULL AUTO_INCREMENT,
  `NAME` varchar(45) NOT NULL,
  PRIMARY KEY (`ID`)
) ENGINE=InnoDB AUTO_INCREMENT=5 DEFAULT CHARSET=utf8;
/*!40101 SET character_set_client = @saved_cs_client */;

--
-- Dumping data for table `SP_TEMPLATE_TRAINING_PLACE`
--

LOCK TABLES `SP_TEMPLATE_TRAINING_PLACE` WRITE;
/*!40000 ALTER TABLE `SP_TEMPLATE_TRAINING_PLACE` DISABLE KEYS */;
INSERT INTO `SP_TEMPLATE_TRAINING_PLACE` VALUES (1,'Спортзал'),(2,'Дома'),(3,'Улица'),(4,'Офис');
/*!40000 ALTER TABLE `SP_TEMPLATE_TRAINING_PLACE` ENABLE KEYS */;
UNLOCK TABLES;

--
-- Table structure for table `SP_TEMPLATE_TYPE_TRAINING`
--

DROP TABLE IF EXISTS `SP_TEMPLATE_TYPE_TRAINING`;
/*!40101 SET @saved_cs_client     = @@character_set_client */;
/*!50503 SET character_set_client = utf8mb4 */;
CREATE TABLE `SP_TEMPLATE_TYPE_TRAINING` (
  `ID` int(11) NOT NULL AUTO_INCREMENT,
  `NAME` varchar(45) NOT NULL,
  PRIMARY KEY (`ID`)
) ENGINE=InnoDB AUTO_INCREMENT=3 DEFAULT CHARSET=utf8;
/*!40101 SET character_set_client = @saved_cs_client */;

--
-- Dumping data for table `SP_TEMPLATE_TYPE_TRAINING`
--

LOCK TABLES `SP_TEMPLATE_TYPE_TRAINING` WRITE;
/*!40000 ALTER TABLE `SP_TEMPLATE_TYPE_TRAINING` DISABLE KEYS */;
INSERT INTO `SP_TEMPLATE_TYPE_TRAINING` VALUES (1,'WEEK'),(2,'DAY');
/*!40000 ALTER TABLE `SP_TEMPLATE_TYPE_TRAINING` ENABLE KEYS */;
UNLOCK TABLES;

--
-- Table structure for table `SP_USER_MOOD`
--

DROP TABLE IF EXISTS `SP_USER_MOOD`;
/*!40101 SET @saved_cs_client     = @@character_set_client */;
/*!50503 SET character_set_client = utf8mb4 */;
CREATE TABLE `SP_USER_MOOD` (
  `ID` int(11) NOT NULL AUTO_INCREMENT,
  `NAME` varchar(45) DEFAULT NULL,
  PRIMARY KEY (`ID`)
) ENGINE=InnoDB AUTO_INCREMENT=4 DEFAULT CHARSET=utf8;
/*!40101 SET character_set_client = @saved_cs_client */;

--
-- Dumping data for table `SP_USER_MOOD`
--

LOCK TABLES `SP_USER_MOOD` WRITE;
/*!40000 ALTER TABLE `SP_USER_MOOD` DISABLE KEYS */;
INSERT INTO `SP_USER_MOOD` VALUES (1,'GOOD'),(2,'NORMAL'),(3,'BAD');
/*!40000 ALTER TABLE `SP_USER_MOOD` ENABLE KEYS */;
UNLOCK TABLES;

--
-- Table structure for table `TEMPLATE`
--

DROP TABLE IF EXISTS `TEMPLATE`;
/*!40101 SET @saved_cs_client     = @@character_set_client */;
/*!50503 SET character_set_client = utf8mb4 */;
CREATE TABLE `TEMPLATE` (
  `ID` int(11) NOT NULL AUTO_INCREMENT,
  `NAME` varchar(45) NOT NULL,
  `DESCRIPTION` varchar(512) NOT NULL,
  `TYPE_TRAINING_TEMPLATE` int(11) NOT NULL,
  `PHOTO_URL` varchar(1024) NOT NULL,
  `FOR_WHOM` int(11) NOT NULL,
  `GOAL` int(11) NOT NULL,
  `TRAINING_PLACE` int(11) NOT NULL,
  `LEVEL_OF_TRAINING` int(11) NOT NULL,
  `TRAINING_TIME` varchar(45) NOT NULL,
  `COUNT_TRAINING_PER_WEEK` int(11) NOT NULL,
  `CYCLE_TIME_IN_WEEK` int(11) NOT NULL,
  `ACTIVE` int(11) NOT NULL DEFAULT '1',
  `DATE_CREATE` timestamp NOT NULL DEFAULT CURRENT_TIMESTAMP,
  PRIMARY KEY (`ID`)
) ENGINE=InnoDB AUTO_INCREMENT=6 DEFAULT CHARSET=utf8 COMMENT='TRAINING_TIME - Время тренировки\nCOUNT_TRAINING_PER_WEEK - Тренировок в неделю\nCYCLE_TIME_IN_WEEK - Длительность цикла';
/*!40101 SET character_set_client = @saved_cs_client */;

--
-- Dumping data for table `TEMPLATE`
--

LOCK TABLES `TEMPLATE` WRITE;
/*!40000 ALTER TABLE `TEMPLATE` DISABLE KEYS */;
INSERT INTO `TEMPLATE` VALUES (4,'Качаем попу за 30 дней','Реально ли накачать попу всего за месяц? Ответ на этот вопрос зависит от того, что для тебя значит «накачать». Если ты думаешь, что сегодня ты могла спрятаться за фонарным столбом и единственное, что выглядывало из-за столба – это твой нос, то за 30 дней у тебя не появится попа, которую даже за камазом не спрячешь.',2,'https://avatars.mds.yandex.net/get-zen_doc/1209363/pub_5dc07899d4f07a00ae2012c6_5dc0789ce882c300ae48aca5/scale_1200',2,6,2,1,'15',0,0,1,'2019-12-09 19:35:06'),(5,'Упругая попа в домашних условиях','Это программа подготовлена для девушек которые хотят сделать упругую попу в доманих условиях.',2,'http://api.vvvteam.ru/img/template/5.jpg',2,2,2,1,'15',0,0,1,'2020-01-07 17:07:55');
/*!40000 ALTER TABLE `TEMPLATE` ENABLE KEYS */;
UNLOCK TABLES;

--
-- Table structure for table `TEMPLATE_DAY`
--

DROP TABLE IF EXISTS `TEMPLATE_DAY`;
/*!40101 SET @saved_cs_client     = @@character_set_client */;
/*!50503 SET character_set_client = utf8mb4 */;
CREATE TABLE `TEMPLATE_DAY` (
  `ID` int(11) NOT NULL AUTO_INCREMENT,
  `TEMPLATE_ID` int(11) NOT NULL,
  `DAY_IN_WEEK` int(11) NOT NULL,
  `DAY_TRAINING` int(11) NOT NULL,
  `IS_REST` tinyint(4) NOT NULL,
  `DATE_CREATE` timestamp NOT NULL DEFAULT CURRENT_TIMESTAMP,
  PRIMARY KEY (`ID`)
) ENGINE=InnoDB AUTO_INCREMENT=68 DEFAULT CHARSET=utf8;
/*!40101 SET character_set_client = @saved_cs_client */;

--
-- Dumping data for table `TEMPLATE_DAY`
--

LOCK TABLES `TEMPLATE_DAY` WRITE;
/*!40000 ALTER TABLE `TEMPLATE_DAY` DISABLE KEYS */;
INSERT INTO `TEMPLATE_DAY` VALUES (1,1,0,1,0,'2019-06-20 18:12:12'),(2,1,0,2,0,'2019-06-20 18:19:34'),(3,1,0,3,1,'2019-07-25 20:49:35'),(4,1,0,4,1,'2019-07-25 20:49:35'),(5,1,0,5,1,'2019-07-25 20:49:35'),(6,1,0,6,1,'2019-07-25 20:49:35'),(7,1,0,7,1,'2019-07-25 20:49:35'),(8,1,0,8,1,'2019-07-25 20:49:35'),(9,1,0,9,1,'2019-07-25 20:49:35'),(10,2,1,1,1,'2019-07-27 14:56:16'),(11,2,2,2,1,'2019-07-27 14:56:16'),(12,2,3,3,1,'2019-07-27 14:56:16'),(13,2,6,4,1,'2019-07-27 14:56:16'),(16,4,0,1,0,'2019-12-09 19:45:19'),(17,4,0,2,0,'2019-12-09 19:45:19'),(18,4,0,3,0,'2019-12-09 19:45:19'),(19,4,0,4,1,'2019-12-09 19:45:19'),(20,4,0,5,0,'2019-12-09 19:45:19'),(21,4,0,6,0,'2019-12-09 19:45:19'),(22,4,0,7,0,'2019-12-09 19:45:19'),(23,4,0,8,1,'2019-12-09 19:45:19'),(24,4,0,9,0,'2019-12-09 19:45:19'),(25,4,0,10,0,'2019-12-09 19:45:19'),(26,4,0,11,0,'2019-12-09 19:45:19'),(27,4,0,12,1,'2019-12-09 19:45:19'),(28,4,0,13,0,'2019-12-09 19:45:19'),(29,4,0,14,0,'2019-12-09 19:45:19'),(30,4,0,15,0,'2019-12-09 19:45:20'),(31,4,0,16,1,'2019-12-09 19:45:20'),(32,4,0,17,0,'2019-12-09 19:45:20'),(33,4,0,18,0,'2019-12-09 19:45:20'),(34,4,0,19,0,'2019-12-09 19:45:20'),(35,4,0,20,1,'2019-12-09 19:45:20'),(36,4,0,21,0,'2019-12-09 19:45:20'),(37,4,0,22,0,'2019-12-09 19:45:20'),(38,4,0,23,0,'2019-12-09 19:45:20'),(39,4,0,24,1,'2019-12-09 19:45:20'),(40,4,0,25,0,'2019-12-09 19:45:20'),(41,4,0,26,0,'2019-12-09 19:45:20'),(42,4,0,27,0,'2019-12-09 19:45:20'),(43,4,0,28,1,'2019-12-09 19:45:20'),(44,4,0,29,0,'2019-12-09 19:45:20'),(45,4,0,30,0,'2019-12-09 19:45:20'),(47,5,0,1,0,'2020-01-07 17:10:52'),(48,5,0,2,0,'2020-01-07 17:10:53'),(49,5,0,3,0,'2020-01-07 17:10:53'),(50,5,0,4,0,'2020-01-07 17:10:53'),(51,5,0,5,0,'2020-01-07 17:10:54'),(52,5,0,6,0,'2020-01-07 17:10:54'),(53,5,0,7,0,'2020-01-07 17:10:54'),(54,5,0,8,0,'2020-01-07 17:10:54'),(55,5,0,9,0,'2020-01-07 17:10:54'),(56,5,0,10,0,'2020-01-07 17:10:54'),(57,5,0,11,0,'2020-01-07 17:10:54'),(58,5,0,12,0,'2020-01-07 17:10:54'),(59,5,0,13,0,'2020-01-07 17:10:54'),(60,5,0,14,0,'2020-01-07 17:10:54'),(61,5,0,15,0,'2020-01-07 17:10:54'),(62,5,0,16,0,'2020-01-07 17:10:54'),(63,5,0,17,0,'2020-01-07 17:10:54'),(64,5,0,18,0,'2020-01-07 17:10:54'),(65,5,0,19,0,'2020-01-07 17:10:54'),(66,5,0,20,0,'2020-01-07 17:10:54'),(67,5,0,21,0,'2020-01-07 17:10:54');
/*!40000 ALTER TABLE `TEMPLATE_DAY` ENABLE KEYS */;
UNLOCK TABLES;

--
-- Table structure for table `TEMPLATE_EXERCISE`
--

DROP TABLE IF EXISTS `TEMPLATE_EXERCISE`;
/*!40101 SET @saved_cs_client     = @@character_set_client */;
/*!50503 SET character_set_client = utf8mb4 */;
CREATE TABLE `TEMPLATE_EXERCISE` (
  `ID` int(11) NOT NULL AUTO_INCREMENT,
  `TEMPLATE_DAY_ID` int(11) NOT NULL,
  `EXERCISE_ID` int(11) NOT NULL,
  `TYPE_METRIC` int(11) NOT NULL,
  `DATE_CREATE` timestamp NOT NULL DEFAULT CURRENT_TIMESTAMP,
  PRIMARY KEY (`ID`)
) ENGINE=InnoDB AUTO_INCREMENT=196 DEFAULT CHARSET=utf8;
/*!40101 SET character_set_client = @saved_cs_client */;

--
-- Dumping data for table `TEMPLATE_EXERCISE`
--

LOCK TABLES `TEMPLATE_EXERCISE` WRITE;
/*!40000 ALTER TABLE `TEMPLATE_EXERCISE` DISABLE KEYS */;
INSERT INTO `TEMPLATE_EXERCISE` VALUES (14,16,93,1,'2019-12-09 19:54:07'),(15,17,93,1,'2019-12-09 19:54:12'),(16,18,93,1,'2019-12-09 19:54:17'),(18,20,93,1,'2019-12-09 19:54:25'),(19,21,93,1,'2019-12-09 19:54:28'),(20,22,93,1,'2019-12-09 19:54:34'),(22,24,93,1,'2019-12-09 19:54:43'),(23,25,93,1,'2019-12-09 19:54:46'),(24,26,93,1,'2019-12-09 19:54:51'),(26,28,93,1,'2019-12-09 19:54:59'),(27,29,93,1,'2019-12-09 19:55:03'),(28,30,93,1,'2019-12-09 19:55:09'),(30,32,93,1,'2019-12-09 19:55:16'),(31,33,93,1,'2019-12-09 19:55:21'),(32,34,93,1,'2019-12-09 19:55:24'),(34,36,93,1,'2019-12-09 19:55:32'),(35,37,93,1,'2019-12-09 19:55:36'),(36,38,93,1,'2019-12-09 19:55:39'),(38,40,93,1,'2019-12-09 19:55:49'),(39,41,93,1,'2019-12-09 19:55:53'),(40,42,93,1,'2019-12-09 19:55:57'),(42,44,93,1,'2019-12-09 19:56:08'),(43,45,93,1,'2019-12-09 19:56:13'),(49,47,93,1,'2020-01-07 17:23:02'),(50,47,6,1,'2020-01-07 17:23:02'),(51,47,101,1,'2020-01-07 17:23:02'),(52,47,3,1,'2020-01-07 17:23:02'),(53,47,5,1,'2020-01-07 17:23:02'),(54,47,99,1,'2020-01-07 17:23:02'),(55,47,76,1,'2020-01-07 17:23:02'),(56,48,93,1,'2020-01-07 17:41:07'),(57,48,6,1,'2020-01-07 17:41:07'),(58,48,101,1,'2020-01-07 17:41:07'),(59,48,3,1,'2020-01-07 17:41:07'),(60,48,5,1,'2020-01-07 17:41:07'),(61,48,99,1,'2020-01-07 17:41:07'),(62,48,76,1,'2020-01-07 17:41:07'),(63,49,93,1,'2020-01-07 17:41:07'),(64,49,6,1,'2020-01-07 17:41:07'),(65,49,101,1,'2020-01-07 17:41:07'),(66,49,3,1,'2020-01-07 17:41:07'),(67,49,5,1,'2020-01-07 17:41:07'),(68,49,99,1,'2020-01-07 17:41:07'),(69,49,76,1,'2020-01-07 17:41:07'),(70,50,93,1,'2020-01-07 17:41:07'),(71,50,6,1,'2020-01-07 17:41:07'),(72,50,101,1,'2020-01-07 17:41:07'),(73,50,3,1,'2020-01-07 17:41:07'),(74,50,5,1,'2020-01-07 17:41:07'),(75,50,99,1,'2020-01-07 17:41:07'),(76,50,76,1,'2020-01-07 17:41:07'),(77,51,93,1,'2020-01-07 17:41:07'),(78,51,6,1,'2020-01-07 17:41:07'),(79,51,101,1,'2020-01-07 17:41:07'),(80,51,3,1,'2020-01-07 17:41:07'),(81,51,5,1,'2020-01-07 17:41:07'),(82,51,99,1,'2020-01-07 17:41:07'),(83,51,76,1,'2020-01-07 17:41:07'),(84,52,93,1,'2020-01-07 17:41:07'),(85,52,6,1,'2020-01-07 17:41:07'),(86,52,101,1,'2020-01-07 17:41:07'),(87,52,3,1,'2020-01-07 17:41:07'),(88,52,5,1,'2020-01-07 17:41:07'),(89,52,99,1,'2020-01-07 17:41:07'),(90,52,76,1,'2020-01-07 17:41:07'),(91,53,93,1,'2020-01-07 17:41:07'),(92,53,6,1,'2020-01-07 17:41:07'),(93,53,101,1,'2020-01-07 17:41:07'),(94,53,3,1,'2020-01-07 17:41:07'),(95,53,5,1,'2020-01-07 17:41:07'),(96,53,99,1,'2020-01-07 17:41:07'),(97,53,76,1,'2020-01-07 17:41:07'),(98,54,93,1,'2020-01-07 17:41:07'),(99,54,6,1,'2020-01-07 17:41:07'),(100,54,101,1,'2020-01-07 17:41:07'),(101,54,3,1,'2020-01-07 17:41:07'),(102,54,5,1,'2020-01-07 17:41:07'),(103,54,99,1,'2020-01-07 17:41:07'),(104,54,76,1,'2020-01-07 17:41:07'),(105,55,93,1,'2020-01-07 17:41:07'),(106,55,6,1,'2020-01-07 17:41:07'),(107,55,101,1,'2020-01-07 17:41:07'),(108,55,3,1,'2020-01-07 17:41:07'),(109,55,5,1,'2020-01-07 17:41:07'),(110,55,99,1,'2020-01-07 17:41:07'),(111,55,76,1,'2020-01-07 17:41:07'),(112,56,93,1,'2020-01-07 17:41:07'),(113,56,6,1,'2020-01-07 17:41:07'),(114,56,101,1,'2020-01-07 17:41:07'),(115,56,3,1,'2020-01-07 17:41:07'),(116,56,5,1,'2020-01-07 17:41:07'),(117,56,99,1,'2020-01-07 17:41:07'),(118,56,76,1,'2020-01-07 17:41:07'),(119,57,93,1,'2020-01-07 17:41:07'),(120,57,6,1,'2020-01-07 17:41:07'),(121,57,101,1,'2020-01-07 17:41:07'),(122,57,3,1,'2020-01-07 17:41:07'),(123,57,5,1,'2020-01-07 17:41:07'),(124,57,99,1,'2020-01-07 17:41:07'),(125,57,76,1,'2020-01-07 17:41:07'),(126,58,93,1,'2020-01-07 17:41:07'),(127,58,6,1,'2020-01-07 17:41:07'),(128,58,101,1,'2020-01-07 17:41:07'),(129,58,3,1,'2020-01-07 17:41:07'),(130,58,5,1,'2020-01-07 17:41:07'),(131,58,99,1,'2020-01-07 17:41:07'),(132,58,76,1,'2020-01-07 17:41:07'),(133,59,93,1,'2020-01-07 17:41:07'),(134,59,6,1,'2020-01-07 17:41:07'),(135,59,101,1,'2020-01-07 17:41:07'),(136,59,3,1,'2020-01-07 17:41:07'),(137,59,5,1,'2020-01-07 17:41:07'),(138,59,99,1,'2020-01-07 17:41:07'),(139,59,76,1,'2020-01-07 17:41:07'),(140,60,93,1,'2020-01-07 17:41:07'),(141,60,6,1,'2020-01-07 17:41:07'),(142,60,101,1,'2020-01-07 17:41:07'),(143,60,3,1,'2020-01-07 17:41:07'),(144,60,5,1,'2020-01-07 17:41:07'),(145,60,99,1,'2020-01-07 17:41:07'),(146,60,76,1,'2020-01-07 17:41:07'),(147,61,93,1,'2020-01-07 17:41:07'),(148,61,6,1,'2020-01-07 17:41:07'),(149,61,101,1,'2020-01-07 17:41:07'),(150,61,3,1,'2020-01-07 17:41:07'),(151,61,5,1,'2020-01-07 17:41:07'),(152,61,99,1,'2020-01-07 17:41:07'),(153,61,76,1,'2020-01-07 17:41:07'),(154,62,93,1,'2020-01-07 17:41:07'),(155,62,6,1,'2020-01-07 17:41:07'),(156,62,101,1,'2020-01-07 17:41:07'),(157,62,3,1,'2020-01-07 17:41:07'),(158,62,5,1,'2020-01-07 17:41:07'),(159,62,99,1,'2020-01-07 17:41:07'),(160,62,76,1,'2020-01-07 17:41:07'),(161,63,93,1,'2020-01-07 17:41:07'),(162,63,6,1,'2020-01-07 17:41:07'),(163,63,101,1,'2020-01-07 17:41:07'),(164,63,3,1,'2020-01-07 17:41:07'),(165,63,5,1,'2020-01-07 17:41:07'),(166,63,99,1,'2020-01-07 17:41:07'),(167,63,76,1,'2020-01-07 17:41:07'),(168,64,93,1,'2020-01-07 17:41:07'),(169,64,6,1,'2020-01-07 17:41:07'),(170,64,101,1,'2020-01-07 17:41:07'),(171,64,3,1,'2020-01-07 17:41:07'),(172,64,5,1,'2020-01-07 17:41:07'),(173,64,99,1,'2020-01-07 17:41:07'),(174,64,76,1,'2020-01-07 17:41:07'),(175,65,93,1,'2020-01-07 17:41:07'),(176,65,6,1,'2020-01-07 17:41:07'),(177,65,101,1,'2020-01-07 17:41:07'),(178,65,3,1,'2020-01-07 17:41:07'),(179,65,5,1,'2020-01-07 17:41:07'),(180,65,99,1,'2020-01-07 17:41:07'),(181,65,76,1,'2020-01-07 17:41:07'),(182,66,93,1,'2020-01-07 17:41:07'),(183,66,6,1,'2020-01-07 17:41:07'),(184,66,101,1,'2020-01-07 17:41:07'),(185,66,3,1,'2020-01-07 17:41:07'),(186,66,5,1,'2020-01-07 17:41:07'),(187,66,99,1,'2020-01-07 17:41:07'),(188,66,76,1,'2020-01-07 17:41:07'),(189,67,93,1,'2020-01-07 17:41:07'),(190,67,6,1,'2020-01-07 17:41:07'),(191,67,101,1,'2020-01-07 17:41:07'),(192,67,3,1,'2020-01-07 17:41:07'),(193,67,5,1,'2020-01-07 17:41:07'),(194,67,99,1,'2020-01-07 17:41:07'),(195,67,76,1,'2020-01-07 17:41:07');
/*!40000 ALTER TABLE `TEMPLATE_EXERCISE` ENABLE KEYS */;
UNLOCK TABLES;

--
-- Table structure for table `TEMPLATE_EXERCISE_SET`
--

DROP TABLE IF EXISTS `TEMPLATE_EXERCISE_SET`;
/*!40101 SET @saved_cs_client     = @@character_set_client */;
/*!50503 SET character_set_client = utf8mb4 */;
CREATE TABLE `TEMPLATE_EXERCISE_SET` (
  `ID` int(11) NOT NULL AUTO_INCREMENT,
  `TEMPLATE_EXERCISE_ID` int(11) NOT NULL,
  `TIME` int(11) NOT NULL,
  `MASS` int(23) NOT NULL,
  `REPETITIONS` int(11) NOT NULL,
  `DATE_CREATE` timestamp NOT NULL DEFAULT CURRENT_TIMESTAMP,
  PRIMARY KEY (`ID`)
) ENGINE=InnoDB AUTO_INCREMENT=6135 DEFAULT CHARSET=utf8;
/*!40101 SET character_set_client = @saved_cs_client */;

--
-- Dumping data for table `TEMPLATE_EXERCISE_SET`
--

LOCK TABLES `TEMPLATE_EXERCISE_SET` WRITE;
/*!40000 ALTER TABLE `TEMPLATE_EXERCISE_SET` DISABLE KEYS */;
INSERT INTO `TEMPLATE_EXERCISE_SET` VALUES (2094,49,0,0,20,'2020-01-07 17:56:49'),(2095,49,0,0,25,'2020-01-07 17:56:49'),(2096,50,0,0,20,'2020-01-07 17:56:49'),(2097,50,0,0,25,'2020-01-07 17:56:49'),(2098,51,0,0,20,'2020-01-07 17:56:49'),(2099,51,0,0,25,'2020-01-07 17:56:49'),(2100,52,0,0,20,'2020-01-07 17:56:49'),(2101,52,0,0,25,'2020-01-07 17:56:49'),(2102,53,0,0,20,'2020-01-07 17:56:50'),(2103,53,0,0,25,'2020-01-07 17:56:50'),(2104,54,0,0,20,'2020-01-07 17:56:50'),(2105,54,0,0,25,'2020-01-07 17:56:50'),(2106,55,0,0,20,'2020-01-07 17:56:50'),(2107,55,0,0,25,'2020-01-07 17:56:50'),(5678,56,0,0,20,'2020-01-07 18:37:45'),(5679,63,0,0,20,'2020-01-07 18:37:45'),(5680,70,0,0,20,'2020-01-07 18:37:45'),(5681,77,0,0,20,'2020-01-07 18:37:45'),(5682,84,0,0,20,'2020-01-07 18:37:45'),(5683,91,0,0,20,'2020-01-07 18:37:45'),(5684,98,0,0,20,'2020-01-07 18:37:45'),(5685,105,0,0,20,'2020-01-07 18:37:45'),(5686,112,0,0,20,'2020-01-07 18:37:45'),(5687,119,0,0,20,'2020-01-07 18:37:45'),(5688,126,0,0,20,'2020-01-07 18:37:45'),(5689,133,0,0,20,'2020-01-07 18:37:45'),(5690,140,0,0,20,'2020-01-07 18:37:45'),(5691,147,0,0,20,'2020-01-07 18:37:45'),(5692,154,0,0,20,'2020-01-07 18:37:45'),(5693,161,0,0,20,'2020-01-07 18:37:45'),(5694,168,0,0,20,'2020-01-07 18:37:45'),(5695,175,0,0,20,'2020-01-07 18:37:45'),(5696,182,0,0,20,'2020-01-07 18:37:45'),(5697,189,0,0,20,'2020-01-07 18:37:45'),(5709,56,0,0,25,'2020-01-07 18:37:45'),(5710,63,0,0,25,'2020-01-07 18:37:45'),(5711,70,0,0,25,'2020-01-07 18:37:45'),(5712,77,0,0,25,'2020-01-07 18:37:45'),(5713,84,0,0,25,'2020-01-07 18:37:45'),(5714,91,0,0,25,'2020-01-07 18:37:45'),(5715,98,0,0,25,'2020-01-07 18:37:45'),(5716,105,0,0,25,'2020-01-07 18:37:45'),(5717,112,0,0,25,'2020-01-07 18:37:45'),(5718,119,0,0,25,'2020-01-07 18:37:45'),(5719,126,0,0,25,'2020-01-07 18:37:45'),(5720,133,0,0,25,'2020-01-07 18:37:45'),(5721,140,0,0,25,'2020-01-07 18:37:45'),(5722,147,0,0,25,'2020-01-07 18:37:45'),(5723,154,0,0,25,'2020-01-07 18:37:45'),(5724,161,0,0,25,'2020-01-07 18:37:45'),(5725,168,0,0,25,'2020-01-07 18:37:45'),(5726,175,0,0,25,'2020-01-07 18:37:45'),(5727,182,0,0,25,'2020-01-07 18:37:45'),(5728,189,0,0,25,'2020-01-07 18:37:45'),(5740,57,0,0,20,'2020-01-07 18:37:45'),(5741,64,0,0,20,'2020-01-07 18:37:45'),(5742,71,0,0,20,'2020-01-07 18:37:45'),(5743,78,0,0,20,'2020-01-07 18:37:45'),(5744,85,0,0,20,'2020-01-07 18:37:45'),(5745,92,0,0,20,'2020-01-07 18:37:45'),(5746,99,0,0,20,'2020-01-07 18:37:45'),(5747,106,0,0,20,'2020-01-07 18:37:45'),(5748,113,0,0,20,'2020-01-07 18:37:45'),(5749,120,0,0,20,'2020-01-07 18:37:45'),(5750,127,0,0,20,'2020-01-07 18:37:45'),(5751,134,0,0,20,'2020-01-07 18:37:45'),(5752,141,0,0,20,'2020-01-07 18:37:45'),(5753,148,0,0,20,'2020-01-07 18:37:45'),(5754,155,0,0,20,'2020-01-07 18:37:45'),(5755,162,0,0,20,'2020-01-07 18:37:45'),(5756,169,0,0,20,'2020-01-07 18:37:45'),(5757,176,0,0,20,'2020-01-07 18:37:45'),(5758,183,0,0,20,'2020-01-07 18:37:45'),(5759,190,0,0,20,'2020-01-07 18:37:45'),(5771,57,0,0,25,'2020-01-07 18:37:45'),(5772,64,0,0,25,'2020-01-07 18:37:45'),(5773,71,0,0,25,'2020-01-07 18:37:45'),(5774,78,0,0,25,'2020-01-07 18:37:45'),(5775,85,0,0,25,'2020-01-07 18:37:45'),(5776,92,0,0,25,'2020-01-07 18:37:45'),(5777,99,0,0,25,'2020-01-07 18:37:45'),(5778,106,0,0,25,'2020-01-07 18:37:45'),(5779,113,0,0,25,'2020-01-07 18:37:45'),(5780,120,0,0,25,'2020-01-07 18:37:45'),(5781,127,0,0,25,'2020-01-07 18:37:45'),(5782,134,0,0,25,'2020-01-07 18:37:45'),(5783,141,0,0,25,'2020-01-07 18:37:45'),(5784,148,0,0,25,'2020-01-07 18:37:45'),(5785,155,0,0,25,'2020-01-07 18:37:45'),(5786,162,0,0,25,'2020-01-07 18:37:45'),(5787,169,0,0,25,'2020-01-07 18:37:45'),(5788,176,0,0,25,'2020-01-07 18:37:45'),(5789,183,0,0,25,'2020-01-07 18:37:45'),(5790,190,0,0,25,'2020-01-07 18:37:45'),(5802,58,0,0,20,'2020-01-07 18:37:45'),(5803,65,0,0,20,'2020-01-07 18:37:45'),(5804,72,0,0,20,'2020-01-07 18:37:45'),(5805,79,0,0,20,'2020-01-07 18:37:45'),(5806,86,0,0,20,'2020-01-07 18:37:45'),(5807,93,0,0,20,'2020-01-07 18:37:45'),(5808,100,0,0,20,'2020-01-07 18:37:45'),(5809,107,0,0,20,'2020-01-07 18:37:45'),(5810,114,0,0,20,'2020-01-07 18:37:45'),(5811,121,0,0,20,'2020-01-07 18:37:45'),(5812,128,0,0,20,'2020-01-07 18:37:45'),(5813,135,0,0,20,'2020-01-07 18:37:45'),(5814,142,0,0,20,'2020-01-07 18:37:45'),(5815,149,0,0,20,'2020-01-07 18:37:45'),(5816,156,0,0,20,'2020-01-07 18:37:45'),(5817,163,0,0,20,'2020-01-07 18:37:45'),(5818,170,0,0,20,'2020-01-07 18:37:45'),(5819,177,0,0,20,'2020-01-07 18:37:45'),(5820,184,0,0,20,'2020-01-07 18:37:45'),(5821,191,0,0,20,'2020-01-07 18:37:45'),(5833,58,0,0,25,'2020-01-07 18:37:45'),(5834,65,0,0,25,'2020-01-07 18:37:45'),(5835,72,0,0,25,'2020-01-07 18:37:45'),(5836,79,0,0,25,'2020-01-07 18:37:45'),(5837,86,0,0,25,'2020-01-07 18:37:45'),(5838,93,0,0,25,'2020-01-07 18:37:45'),(5839,100,0,0,25,'2020-01-07 18:37:45'),(5840,107,0,0,25,'2020-01-07 18:37:45'),(5841,114,0,0,25,'2020-01-07 18:37:45'),(5842,121,0,0,25,'2020-01-07 18:37:45'),(5843,128,0,0,25,'2020-01-07 18:37:45'),(5844,135,0,0,25,'2020-01-07 18:37:45'),(5845,142,0,0,25,'2020-01-07 18:37:45'),(5846,149,0,0,25,'2020-01-07 18:37:45'),(5847,156,0,0,25,'2020-01-07 18:37:45'),(5848,163,0,0,25,'2020-01-07 18:37:45'),(5849,170,0,0,25,'2020-01-07 18:37:45'),(5850,177,0,0,25,'2020-01-07 18:37:45'),(5851,184,0,0,25,'2020-01-07 18:37:45'),(5852,191,0,0,25,'2020-01-07 18:37:45'),(5864,59,0,0,20,'2020-01-07 18:37:45'),(5865,66,0,0,20,'2020-01-07 18:37:45'),(5866,73,0,0,20,'2020-01-07 18:37:45'),(5867,80,0,0,20,'2020-01-07 18:37:45'),(5868,87,0,0,20,'2020-01-07 18:37:45'),(5869,94,0,0,20,'2020-01-07 18:37:45'),(5870,101,0,0,20,'2020-01-07 18:37:45'),(5871,108,0,0,20,'2020-01-07 18:37:45'),(5872,115,0,0,20,'2020-01-07 18:37:45'),(5873,122,0,0,20,'2020-01-07 18:37:45'),(5874,129,0,0,20,'2020-01-07 18:37:45'),(5875,136,0,0,20,'2020-01-07 18:37:45'),(5876,143,0,0,20,'2020-01-07 18:37:45'),(5877,150,0,0,20,'2020-01-07 18:37:45'),(5878,157,0,0,20,'2020-01-07 18:37:45'),(5879,164,0,0,20,'2020-01-07 18:37:45'),(5880,171,0,0,20,'2020-01-07 18:37:45'),(5881,178,0,0,20,'2020-01-07 18:37:45'),(5882,185,0,0,20,'2020-01-07 18:37:45'),(5883,192,0,0,20,'2020-01-07 18:37:45'),(5895,59,0,0,25,'2020-01-07 18:37:45'),(5896,66,0,0,25,'2020-01-07 18:37:45'),(5897,73,0,0,25,'2020-01-07 18:37:45'),(5898,80,0,0,25,'2020-01-07 18:37:45'),(5899,87,0,0,25,'2020-01-07 18:37:45'),(5900,94,0,0,25,'2020-01-07 18:37:45'),(5901,101,0,0,25,'2020-01-07 18:37:45'),(5902,108,0,0,25,'2020-01-07 18:37:45'),(5903,115,0,0,25,'2020-01-07 18:37:45'),(5904,122,0,0,25,'2020-01-07 18:37:45'),(5905,129,0,0,25,'2020-01-07 18:37:45'),(5906,136,0,0,25,'2020-01-07 18:37:45'),(5907,143,0,0,25,'2020-01-07 18:37:45'),(5908,150,0,0,25,'2020-01-07 18:37:45'),(5909,157,0,0,25,'2020-01-07 18:37:45'),(5910,164,0,0,25,'2020-01-07 18:37:45'),(5911,171,0,0,25,'2020-01-07 18:37:45'),(5912,178,0,0,25,'2020-01-07 18:37:45'),(5913,185,0,0,25,'2020-01-07 18:37:45'),(5914,192,0,0,25,'2020-01-07 18:37:45'),(5926,60,0,0,20,'2020-01-07 18:37:45'),(5927,67,0,0,20,'2020-01-07 18:37:45'),(5928,74,0,0,20,'2020-01-07 18:37:45'),(5929,81,0,0,20,'2020-01-07 18:37:45'),(5930,88,0,0,20,'2020-01-07 18:37:45'),(5931,95,0,0,20,'2020-01-07 18:37:45'),(5932,102,0,0,20,'2020-01-07 18:37:45'),(5933,109,0,0,20,'2020-01-07 18:37:45'),(5934,116,0,0,20,'2020-01-07 18:37:45'),(5935,123,0,0,20,'2020-01-07 18:37:45'),(5936,130,0,0,20,'2020-01-07 18:37:45'),(5937,137,0,0,20,'2020-01-07 18:37:45'),(5938,144,0,0,20,'2020-01-07 18:37:45'),(5939,151,0,0,20,'2020-01-07 18:37:45'),(5940,158,0,0,20,'2020-01-07 18:37:45'),(5941,165,0,0,20,'2020-01-07 18:37:45'),(5942,172,0,0,20,'2020-01-07 18:37:45'),(5943,179,0,0,20,'2020-01-07 18:37:45'),(5944,186,0,0,20,'2020-01-07 18:37:45'),(5945,193,0,0,20,'2020-01-07 18:37:45'),(5957,60,0,0,25,'2020-01-07 18:37:45'),(5958,67,0,0,25,'2020-01-07 18:37:45'),(5959,74,0,0,25,'2020-01-07 18:37:45'),(5960,81,0,0,25,'2020-01-07 18:37:45'),(5961,88,0,0,25,'2020-01-07 18:37:45'),(5962,95,0,0,25,'2020-01-07 18:37:45'),(5963,102,0,0,25,'2020-01-07 18:37:45'),(5964,109,0,0,25,'2020-01-07 18:37:45'),(5965,116,0,0,25,'2020-01-07 18:37:45'),(5966,123,0,0,25,'2020-01-07 18:37:45'),(5967,130,0,0,25,'2020-01-07 18:37:45'),(5968,137,0,0,25,'2020-01-07 18:37:45'),(5969,144,0,0,25,'2020-01-07 18:37:45'),(5970,151,0,0,25,'2020-01-07 18:37:45'),(5971,158,0,0,25,'2020-01-07 18:37:45'),(5972,165,0,0,25,'2020-01-07 18:37:45'),(5973,172,0,0,25,'2020-01-07 18:37:45'),(5974,179,0,0,25,'2020-01-07 18:37:45'),(5975,186,0,0,25,'2020-01-07 18:37:45'),(5976,193,0,0,25,'2020-01-07 18:37:45'),(5988,61,0,0,20,'2020-01-07 18:37:45'),(5989,68,0,0,20,'2020-01-07 18:37:45'),(5990,75,0,0,20,'2020-01-07 18:37:45'),(5991,82,0,0,20,'2020-01-07 18:37:45'),(5992,89,0,0,20,'2020-01-07 18:37:45'),(5993,96,0,0,20,'2020-01-07 18:37:45'),(5994,103,0,0,20,'2020-01-07 18:37:45'),(5995,110,0,0,20,'2020-01-07 18:37:45'),(5996,117,0,0,20,'2020-01-07 18:37:45'),(5997,124,0,0,20,'2020-01-07 18:37:45'),(5998,131,0,0,20,'2020-01-07 18:37:45'),(5999,138,0,0,20,'2020-01-07 18:37:45'),(6000,145,0,0,20,'2020-01-07 18:37:45'),(6001,152,0,0,20,'2020-01-07 18:37:45'),(6002,159,0,0,20,'2020-01-07 18:37:45'),(6003,166,0,0,20,'2020-01-07 18:37:45'),(6004,173,0,0,20,'2020-01-07 18:37:45'),(6005,180,0,0,20,'2020-01-07 18:37:45'),(6006,187,0,0,20,'2020-01-07 18:37:45'),(6007,194,0,0,20,'2020-01-07 18:37:45'),(6019,61,0,0,25,'2020-01-07 18:37:45'),(6020,68,0,0,25,'2020-01-07 18:37:45'),(6021,75,0,0,25,'2020-01-07 18:37:45'),(6022,82,0,0,25,'2020-01-07 18:37:45'),(6023,89,0,0,25,'2020-01-07 18:37:45'),(6024,96,0,0,25,'2020-01-07 18:37:45'),(6025,103,0,0,25,'2020-01-07 18:37:45'),(6026,110,0,0,25,'2020-01-07 18:37:45'),(6027,117,0,0,25,'2020-01-07 18:37:45'),(6028,124,0,0,25,'2020-01-07 18:37:45'),(6029,131,0,0,25,'2020-01-07 18:37:45'),(6030,138,0,0,25,'2020-01-07 18:37:45'),(6031,145,0,0,25,'2020-01-07 18:37:45'),(6032,152,0,0,25,'2020-01-07 18:37:45'),(6033,159,0,0,25,'2020-01-07 18:37:45'),(6034,166,0,0,25,'2020-01-07 18:37:45'),(6035,173,0,0,25,'2020-01-07 18:37:45'),(6036,180,0,0,25,'2020-01-07 18:37:45'),(6037,187,0,0,25,'2020-01-07 18:37:45'),(6038,194,0,0,25,'2020-01-07 18:37:45'),(6050,62,0,0,20,'2020-01-07 18:37:45'),(6051,69,0,0,20,'2020-01-07 18:37:45'),(6052,76,0,0,20,'2020-01-07 18:37:45'),(6053,83,0,0,20,'2020-01-07 18:37:45'),(6054,90,0,0,20,'2020-01-07 18:37:45'),(6055,97,0,0,20,'2020-01-07 18:37:45'),(6056,104,0,0,20,'2020-01-07 18:37:45'),(6057,111,0,0,20,'2020-01-07 18:37:45'),(6058,118,0,0,20,'2020-01-07 18:37:45'),(6059,125,0,0,20,'2020-01-07 18:37:45'),(6060,132,0,0,20,'2020-01-07 18:37:45'),(6061,139,0,0,20,'2020-01-07 18:37:45'),(6062,146,0,0,20,'2020-01-07 18:37:45'),(6063,153,0,0,20,'2020-01-07 18:37:45'),(6064,160,0,0,20,'2020-01-07 18:37:45'),(6065,167,0,0,20,'2020-01-07 18:37:45'),(6066,174,0,0,20,'2020-01-07 18:37:45'),(6067,181,0,0,20,'2020-01-07 18:37:45'),(6068,188,0,0,20,'2020-01-07 18:37:45'),(6069,195,0,0,20,'2020-01-07 18:37:45'),(6081,62,0,0,25,'2020-01-07 18:37:45'),(6082,69,0,0,25,'2020-01-07 18:37:45'),(6083,76,0,0,25,'2020-01-07 18:37:45'),(6084,83,0,0,25,'2020-01-07 18:37:45'),(6085,90,0,0,25,'2020-01-07 18:37:45'),(6086,97,0,0,25,'2020-01-07 18:37:45'),(6087,104,0,0,25,'2020-01-07 18:37:45'),(6088,111,0,0,25,'2020-01-07 18:37:45'),(6089,118,0,0,25,'2020-01-07 18:37:45'),(6090,125,0,0,25,'2020-01-07 18:37:45'),(6091,132,0,0,25,'2020-01-07 18:37:45'),(6092,139,0,0,25,'2020-01-07 18:37:45'),(6093,146,0,0,25,'2020-01-07 18:37:45'),(6094,153,0,0,25,'2020-01-07 18:37:45'),(6095,160,0,0,25,'2020-01-07 18:37:45'),(6096,167,0,0,25,'2020-01-07 18:37:45'),(6097,174,0,0,25,'2020-01-07 18:37:45'),(6098,181,0,0,25,'2020-01-07 18:37:45'),(6099,188,0,0,25,'2020-01-07 18:37:45'),(6100,195,0,0,25,'2020-01-07 18:37:45'),(6112,14,0,0,50,'2020-01-07 18:45:40'),(6113,15,0,0,50,'2020-01-07 18:45:40'),(6114,16,0,0,50,'2020-01-07 18:45:40'),(6115,18,0,0,50,'2020-01-07 18:45:40'),(6116,19,0,0,50,'2020-01-07 18:45:40'),(6117,20,0,0,50,'2020-01-07 18:45:40'),(6118,22,0,0,50,'2020-01-07 18:45:40'),(6119,23,0,0,50,'2020-01-07 18:45:40'),(6120,24,0,0,50,'2020-01-07 18:45:40'),(6121,26,0,0,50,'2020-01-07 18:45:40'),(6122,27,0,0,50,'2020-01-07 18:45:40'),(6123,28,0,0,50,'2020-01-07 18:45:40'),(6124,30,0,0,50,'2020-01-07 18:45:40'),(6125,31,0,0,50,'2020-01-07 18:45:40'),(6126,32,0,0,50,'2020-01-07 18:45:40'),(6127,34,0,0,50,'2020-01-07 18:45:40'),(6128,35,0,0,50,'2020-01-07 18:45:40'),(6129,36,0,0,50,'2020-01-07 18:45:40'),(6130,38,0,0,50,'2020-01-07 18:45:40'),(6131,39,0,0,50,'2020-01-07 18:45:40'),(6132,40,0,0,50,'2020-01-07 18:45:40'),(6133,42,0,0,50,'2020-01-07 18:45:40'),(6134,43,0,0,50,'2020-01-07 18:45:40');
/*!40000 ALTER TABLE `TEMPLATE_EXERCISE_SET` ENABLE KEYS */;
UNLOCK TABLES;

--
-- Table structure for table `USER`
--

DROP TABLE IF EXISTS `USER`;
/*!40101 SET @saved_cs_client     = @@character_set_client */;
/*!50503 SET character_set_client = utf8mb4 */;
CREATE TABLE `USER` (
  `ID` int(11) NOT NULL,
  `NAME` varchar(100) DEFAULT NULL,
  `PHOTO_URL` varchar(512) DEFAULT NULL,
  `YEARS` int(11) DEFAULT NULL,
  `SEX` int(11) DEFAULT NULL,
  `WEIGHT` int(11) DEFAULT NULL,
  `HEIGHT` int(11) DEFAULT NULL,
  `METRIC_TYPE` int(11) DEFAULT NULL,
  `TARGET` int(11) DEFAULT NULL,
  `DATE_CREATE` timestamp NOT NULL DEFAULT CURRENT_TIMESTAMP,
  PRIMARY KEY (`ID`)
) ENGINE=InnoDB DEFAULT CHARSET=utf8;
/*!40101 SET character_set_client = @saved_cs_client */;

--
-- Dumping data for table `USER`
--

LOCK TABLES `USER` WRITE;
/*!40000 ALTER TABLE `USER` DISABLE KEYS */;
INSERT INTO `USER` VALUES (20,'valera','',NULL,0,0,0,NULL,NULL,'2019-02-03 15:12:10'),(35,'Valera Vovnov','',NULL,0,0,0,NULL,NULL,'2019-05-08 09:34:59'),(36,'Valera','https://api.vvvteam.ru/uploads/1559476689148107025.jpg',1995,1,101,191,NULL,NULL,'2019-06-02 11:54:41'),(37,'','',1986,1,100,191,NULL,NULL,'2019-06-02 16:58:57'),(40,'Валера Вовнов','https://api.vvvteam.ru/uploads/1576244264608460427.jpg',28,1,100,190,2,0,'2019-06-02 17:21:22'),(41,'Valera','https://api.vvvteam.ru/uploads/1559830770538367776.jpg',2019,1,100,191,NULL,NULL,'2019-06-06 07:20:27'),(42,'xyanes','https://api.vvvteam.ru/uploads/15598405241360562553.jpg',2019,1,101,191,NULL,NULL,'2019-06-06 16:59:10'),(43,'','',2019,1,91,19,NULL,NULL,'2019-06-12 10:37:24'),(44,'dsfg','',2019,1,95,95,NULL,NULL,'2019-06-12 14:39:20'),(45,'','https://api.vvvteam.ru/uploads/1561364080916219229.jpg',2019,1,100,198,NULL,NULL,'2019-06-24 07:44:04'),(46,'Валера Вовнов','https://api.vvvteam.ru/uploads/15700490591711314823.jpg',25,1,100,188,2,6,'2019-06-27 15:09:33'),(47,'valera',NULL,NULL,NULL,NULL,NULL,NULL,NULL,'2019-10-22 15:26:24'),(48,'val',NULL,25,2,100,190,2,NULL,'2019-10-22 15:32:58'),(49,'хуй',NULL,27,2,100,190,2,NULL,'2019-11-01 07:15:11'),(50,'ts3',NULL,24,1,96,174,2,NULL,'2019-11-04 16:00:57'),(51,'v12',NULL,0,2,79,171,2,NULL,'2019-11-04 16:05:15'),(52,'13',NULL,0,1,79,0,2,NULL,'2019-11-04 17:34:14'),(53,'рл',NULL,19,2,103,176,2,NULL,'2019-11-05 13:50:40'),(54,'Волера','',85,1,100,165,0,NULL,'2019-12-07 17:36:59'),(55,'имя алера ',NULL,24,1,100,190,2,NULL,'2019-12-18 09:54:54'),(56,'test1',NULL,24,1,100,190,2,NULL,'2019-12-21 08:44:03'),(57,'Валерий ','',28,1,100,190,0,NULL,'2019-12-25 11:23:08'),(58,'Марта ','',23,2,59,177,0,NULL,'2019-12-29 11:22:58'),(59,'5',NULL,NULL,NULL,NULL,NULL,NULL,NULL,'2019-12-31 14:57:34'),(60,'5','',21,1,132,174,0,2,'2019-12-31 15:02:21');
/*!40000 ALTER TABLE `USER` ENABLE KEYS */;
UNLOCK TABLES;

--
-- Table structure for table `USER_CONFIG`
--

DROP TABLE IF EXISTS `USER_CONFIG`;
/*!40101 SET @saved_cs_client     = @@character_set_client */;
/*!50503 SET character_set_client = utf8mb4 */;
CREATE TABLE `USER_CONFIG` (
  `ID` int(11) NOT NULL AUTO_INCREMENT,
  `EMAIL` varchar(128) NOT NULL,
  `PASSWORD` varchar(128) NOT NULL,
  `ACCESS_TOKEN` varchar(128) NOT NULL,
  `FACEBOOK_ID` varchar(100) DEFAULT NULL,
  `STATUS` int(11) DEFAULT '0',
  `DATE_CREATE` timestamp NOT NULL DEFAULT CURRENT_TIMESTAMP,
  PRIMARY KEY (`ID`)
) ENGINE=InnoDB AUTO_INCREMENT=61 DEFAULT CHARSET=utf8;
/*!40101 SET character_set_client = @saved_cs_client */;

--
-- Dumping data for table `USER_CONFIG`
--

LOCK TABLES `USER_CONFIG` WRITE;
/*!40000 ALTER TABLE `USER_CONFIG` DISABLE KEYS */;
INSERT INTO `USER_CONFIG` VALUES (15,'vovnovvalera@gmail.com','550e1bafe077ff0b0b67f4e32f29d751','3c2297a9b40b5d4f0660fdd7ab81bb9f3c17b68c598d6f829f23a6c7e37d45e0fcitt8uqn',NULL,0,'2018-10-08 20:05:40'),(16,'343432','1234354352434324234234234234','23423432sdfsdfsdf43trw4twretr',NULL,0,'2018-10-16 20:10:09'),(17,'565654g','45fdgy45grtgrthy6yrthw','34534534tegtgh65y6yh54hh5yh5yh56h56h',NULL,0,'2018-10-16 20:10:09'),(18,'ggvh@h.com','550e1bafe077ff0b0b67f4e32f29d751','745510fe728b251a1980f585308a5f0efe56fe99e9b5df912339183fa98b5246wpa3glxxn',NULL,0,'2018-10-31 19:38:32'),(19,'hsujs@dsj.com','550e1bafe077ff0b0b67f4e32f29d751','bb24afcbc316536f86c5649e4c7969e24f8fe16661f16a6664d3fb7ee56115bdusqawhl5l',NULL,0,'2018-10-31 19:46:50'),(20,'kadet-pro@yandex.com','550e1bafe077ff0b0b67f4e32f29d751','0d6eebd37046734b51ff39f768dad737',NULL,0,'2019-02-03 14:19:02'),(21,'kadet-pro1@yandex.com','550e1bafe077ff0b0b67f4e32f29d751','f40db409c0f67705612708279ba8708c',NULL,0,'2019-02-03 14:20:57'),(22,'1kadet-pro2@yandex.com','550e1bafe077ff0b0b67f4e32f29d751','08eeb3b9bbcd72cfe55491c6d2b504d1',NULL,0,'2019-02-16 17:08:11'),(23,'2kadet-pro2@yandex.com','550e1bafe077ff0b0b67f4e32f29d751','35b1cad30e172d5db9809e2220b39ce1',NULL,0,'2019-02-16 17:08:57'),(37,'vsu@hij.com','14e1b600b1fd579f47433b88e8d85291','53dbdd7ab925d35615f22b38f5be3252',NULL,0,'2019-06-02 16:58:41'),(38,'yug@ii.com','14e1b600b1fd579f47433b88e8d85291','3ad099a9b61aff059514ee5d2eb9091b',NULL,0,'2019-06-02 17:00:21'),(40,'1866598723442247@facebook.com','84903bfa24c7fab649624004325965ee','4fec52962d55bb51b4b68422fc9946ac','1866598723442247',1,'2019-06-02 17:20:50'),(41,'cuf@itrc.com','14e1b600b1fd579f47433b88e8d85291','acddf7920201d7b886198aece2cc9921',NULL,0,'2019-06-06 07:20:14'),(42,'xylio@gmail.com','550e1bafe077ff0b0b67f4e32f29d751','b3e4ed1e006b67e573d3d960384f58c9',NULL,0,'2019-06-06 16:58:56'),(43,'fkdo@its.com','224cf2b695a5e8ecaecfb9015161fa4b','243a965bd65fc914ce99ed9bd1d5ff1d',NULL,0,'2019-06-12 10:37:15'),(44,'rske@itrex.com','14e1b600b1fd579f47433b88e8d85291','0a58d4aeae08c4d8d1f447cf582698df',NULL,0,'2019-06-12 14:39:11'),(45,'fui@j.com','14e1b600b1fd579f47433b88e8d85291','2601ae08851c0809e51ceff76b8b3793',NULL,0,'2019-06-24 07:43:46'),(46,'test@test.com','14e1b600b1fd579f47433b88e8d85291','9b770f4b141d1cc53d0c9240d33054ac',NULL,1,'2019-06-27 15:09:19'),(47,'kadet-pro@yandex.ru','550e1bafe077ff0b0b67f4e32f29d751','8241da7c05d4a6856f8cf5790a5206d8',NULL,0,'2019-10-22 15:26:24'),(48,'kadet-pro@yandex.ru1','550e1bafe077ff0b0b67f4e32f29d751','d0e9017683d47b500717322ada9093bb',NULL,1,'2019-10-22 15:32:58'),(49,'vdydf@dh.com','550e1bafe077ff0b0b67f4e32f29d751','dc6c93f0da8a7dede6f9f4ce18513df6',NULL,1,'2019-11-01 07:15:11'),(50,'12@12.com','14e1b600b1fd579f47433b88e8d85291','784c99995b74cd815f6ca66f288b0616',NULL,1,'2019-11-04 16:00:57'),(51,'v@v.com','14e1b600b1fd579f47433b88e8d85291','42d828474272047e5af4ba85af76a113',NULL,1,'2019-11-04 16:05:15'),(52,'13@13.com','14e1b600b1fd579f47433b88e8d85291','bb87e3fa5ff831508ce590c3f3b28b6e',NULL,1,'2019-11-04 17:34:14'),(53,'gyv@yhk.com','550e1bafe077ff0b0b67f4e32f29d751','4d2d83910899fb3842a3e625dc47f6b7',NULL,1,'2019-11-05 13:50:40'),(54,'rrw2@g.com','14e1b600b1fd579f47433b88e8d85291','d1394f69dd2020e2c8ae5461e58a8bdc',NULL,1,'2019-12-07 17:36:59'),(55,'121@12.com','550e1bafe077ff0b0b67f4e32f29d751','f4c088d0d89305c348dc3182175238e6',NULL,1,'2019-12-18 09:54:54'),(56,'test1@gmail.com','14e1b600b1fd579f47433b88e8d85291','e93d96c3839eb3982c2df9122502e2ac',NULL,1,'2019-12-21 08:44:03'),(57,'q@3.com','14e1b600b1fd579f47433b88e8d85291','57cf0882b81c9219de5a7c5a21d1741c',NULL,1,'2019-12-25 11:23:08'),(58,'marta@gmail.com','14e1b600b1fd579f47433b88e8d85291','bc35243cc44c402b9746f42155775c1c',NULL,1,'2019-12-29 11:22:58'),(59,'7@7.com','14e1b600b1fd579f47433b88e8d85291','89d6a9af137d6d209e6c6648e99327cd',NULL,0,'2019-12-31 14:57:34'),(60,'6@6.com','14e1b600b1fd579f47433b88e8d85291','4a73e365988f7fca6125ca52afba28f7',NULL,1,'2019-12-31 15:02:21');
/*!40000 ALTER TABLE `USER_CONFIG` ENABLE KEYS */;
UNLOCK TABLES;

--
-- Table structure for table `USER_EVENT`
--

DROP TABLE IF EXISTS `USER_EVENT`;
/*!40101 SET @saved_cs_client     = @@character_set_client */;
/*!50503 SET character_set_client = utf8mb4 */;
CREATE TABLE `USER_EVENT` (
  `ID` int(11) NOT NULL AUTO_INCREMENT,
  `USER_ID` int(11) NOT NULL,
  `TITLE` varchar(128) NOT NULL,
  `DESCRIPTION` varchar(1024) NOT NULL,
  `DATETIME` datetime NOT NULL,
  `NOTIFICATION` tinyint(4) NOT NULL,
  `DATE_CREATE` timestamp NOT NULL DEFAULT CURRENT_TIMESTAMP,
  PRIMARY KEY (`ID`)
) ENGINE=InnoDB AUTO_INCREMENT=28 DEFAULT CHARSET=utf8;
/*!40101 SET character_set_client = @saved_cs_client */;

--
-- Dumping data for table `USER_EVENT`
--

LOCK TABLES `USER_EVENT` WRITE;
/*!40000 ALTER TABLE `USER_EVENT` DISABLE KEYS */;
INSERT INTO `USER_EVENT` VALUES (1,15,'title','description','2019-06-24 20:23:00',1,'2019-12-25 16:36:38'),(3,15,'title','description','2019-06-24 20:23:00',1,'2019-12-25 16:37:27'),(4,15,'title4','description3','2019-06-24 20:23:00',0,'2019-12-25 16:37:32'),(5,46,'test','test desx','2020-01-03 18:22:00',1,'2020-01-03 15:20:09'),(6,46,'test','test desx','2020-01-03 18:22:00',1,'2020-01-03 15:20:11'),(7,46,'test','test desx','2020-01-03 18:22:00',1,'2020-01-03 15:20:19'),(8,46,'test','test desx','2020-01-03 18:22:00',1,'2020-01-03 15:24:18'),(9,46,'test','test desx','2020-01-03 18:22:00',1,'2020-01-03 15:24:29'),(10,46,'test','test desx','2020-01-03 18:22:00',1,'2020-01-03 15:25:30'),(11,46,'pets','test','2020-01-03 18:28:00',1,'2020-01-03 15:26:16'),(12,46,'tr4','t5g','2020-01-03 19:20:00',1,'2020-01-03 16:18:38'),(13,46,'te','tr','2020-01-04 17:20:00',1,'2020-01-04 14:01:13'),(14,46,'п6р','12в','2020-01-04 21:50:00',1,'2020-01-04 18:50:52'),(15,46,'оо','ооку','2020-01-04 21:56:00',1,'2020-01-04 18:56:19'),(16,46,'к','е','2020-01-04 23:50:00',1,'2020-01-04 20:48:37'),(18,46,'Обед2','рис + кура','2020-01-05 00:54:00',1,'2020-01-04 21:55:09'),(19,46,'Обед','рис + кура','2020-01-05 00:54:00',1,'2020-01-04 21:55:10'),(20,46,'новое название','обед','2020-01-03 18:22:00',1,'2020-01-05 12:59:15'),(21,46,'ужин с яйцом','курка с моенозам и я двоечник','2020-01-05 05:13:00',1,'2020-01-05 12:59:49'),(23,46,'Обед','рис + кура','2020-01-05 00:54:00',1,'2020-01-05 13:04:40'),(24,46,'дд','дддд9','2020-01-06 14:07:00',1,'2020-01-06 11:06:18'),(25,40,'гь','7л','2020-01-10 21:52:00',1,'2020-01-07 18:52:21'),(26,40,'гь','7л','2020-01-10 21:52:00',1,'2020-01-07 18:52:22'),(27,40,'6гшттоооошлшш6666⁶6666555555555666666665566666⁶6666оллллдллллддд','оггггшшшшшш666677777777777777777','2020-01-07 00:47:00',1,'2020-01-07 21:48:05');
/*!40000 ALTER TABLE `USER_EVENT` ENABLE KEYS */;
UNLOCK TABLES;

--
-- Table structure for table `USER_MOOD`
--

DROP TABLE IF EXISTS `USER_MOOD`;
/*!40101 SET @saved_cs_client     = @@character_set_client */;
/*!50503 SET character_set_client = utf8mb4 */;
CREATE TABLE `USER_MOOD` (
  `ID` int(11) NOT NULL AUTO_INCREMENT,
  `USER_ID` varchar(45) NOT NULL,
  `MOOD` int(11) NOT NULL,
  `DATE_CREATE` timestamp NOT NULL DEFAULT CURRENT_TIMESTAMP,
  PRIMARY KEY (`ID`)
) ENGINE=InnoDB DEFAULT CHARSET=utf8;
/*!40101 SET character_set_client = @saved_cs_client */;

--
-- Dumping data for table `USER_MOOD`
--

LOCK TABLES `USER_MOOD` WRITE;
/*!40000 ALTER TABLE `USER_MOOD` DISABLE KEYS */;
/*!40000 ALTER TABLE `USER_MOOD` ENABLE KEYS */;
UNLOCK TABLES;

--
-- Table structure for table `USER_SETTING`
--

DROP TABLE IF EXISTS `USER_SETTING`;
/*!40101 SET @saved_cs_client     = @@character_set_client */;
/*!50503 SET character_set_client = utf8mb4 */;
CREATE TABLE `USER_SETTING` (
  `ID` int(11) NOT NULL AUTO_INCREMENT,
  `USER_ID` int(11) NOT NULL,
  `NOTIFICATION_START_TRAINING` tinyint(4) NOT NULL DEFAULT '1',
  `NOTIFICATION_TXT` varchar(128) DEFAULT NULL,
  `NOTIFICATION_TIME_START_TRAINING` varchar(10) NOT NULL DEFAULT '17:00',
  `TRAINING_TIME_COUNTDOWN` int(11) NOT NULL DEFAULT '3',
  `TRAINING_TIME_EXERCISE` int(11) NOT NULL DEFAULT '30',
  `TRAINING_TIME_REST` int(11) NOT NULL DEFAULT '10',
  `EXERCISE_RANDOM` tinyint(4) NOT NULL DEFAULT '0',
  `DATE_CREATE` timestamp NOT NULL DEFAULT CURRENT_TIMESTAMP,
  PRIMARY KEY (`ID`,`USER_ID`)
) ENGINE=InnoDB AUTO_INCREMENT=40 DEFAULT CHARSET=utf8;
/*!40101 SET character_set_client = @saved_cs_client */;

--
-- Dumping data for table `USER_SETTING`
--

LOCK TABLES `USER_SETTING` WRITE;
/*!40000 ALTER TABLE `USER_SETTING` DISABLE KEYS */;
INSERT INTO `USER_SETTING` VALUES (1,22,1,NULL,'1700',3,30,10,0,'2019-02-16 17:08:11'),(2,23,0,'Hey pidar','1700',3,30,10,0,'2019-02-16 17:08:57'),(3,24,1,NULL,'1700',3,30,10,0,'2019-05-08 08:47:34'),(4,25,1,NULL,'1700',3,30,10,0,'2019-05-08 08:49:35'),(5,26,1,NULL,'1700',3,30,10,0,'2019-05-08 08:49:52'),(6,27,1,NULL,'1700',3,30,10,0,'2019-05-08 08:52:07'),(7,28,1,NULL,'1700',3,30,10,0,'2019-05-08 08:59:04'),(8,29,1,NULL,'1700',3,30,10,0,'2019-05-08 09:06:01'),(9,30,1,NULL,'1700',3,30,10,0,'2019-05-08 09:07:00'),(10,31,1,NULL,'1700',3,30,10,0,'2019-05-08 09:09:12'),(11,32,1,NULL,'1700',3,30,10,0,'2019-05-08 09:11:41'),(12,33,1,NULL,'1700',3,30,10,0,'2019-05-08 09:11:50'),(13,34,1,NULL,'1700',3,30,10,0,'2019-05-08 09:11:54'),(14,35,1,'','',3,30,10,0,'2019-05-08 09:13:29'),(15,36,1,NULL,'1700',3,30,10,0,'2019-06-01 18:55:24'),(16,37,1,NULL,'1700',3,30,10,0,'2019-06-02 16:58:41'),(17,38,1,NULL,'1700',3,30,10,0,'2019-06-02 17:00:21'),(18,39,1,NULL,'1700',3,30,10,0,'2019-06-02 17:17:22'),(19,40,1,'сержант вставай','08:00',3,30,10,0,'2019-06-02 17:20:50'),(20,41,1,NULL,'1700',3,30,10,0,'2019-06-06 07:20:14'),(21,42,1,NULL,'1700',3,30,10,0,'2019-06-06 16:58:56'),(22,43,1,'Пришло время для тренировки!','13:47',3,30,10,0,'2019-06-12 10:37:15'),(23,44,1,'','17:00',30,30,10,1,'2019-06-12 14:39:11'),(24,45,1,NULL,'17:00',3,30,10,0,'2019-06-24 07:43:46'),(25,46,1,'Пришло время для тренировки!','17:00',3,30,10,0,'2019-06-27 15:09:19'),(26,47,1,NULL,'17:00',3,30,10,0,'2019-10-22 15:26:24'),(27,48,1,NULL,'17:00',3,30,10,0,'2019-10-22 15:32:58'),(28,49,1,NULL,'17:00',3,30,10,0,'2019-11-01 07:15:11'),(29,50,1,NULL,'17:00',3,30,10,0,'2019-11-04 16:00:57'),(30,51,1,NULL,'17:00',3,30,10,0,'2019-11-04 16:05:15'),(31,52,1,NULL,'17:00',3,30,10,0,'2019-11-04 17:34:14'),(32,53,1,NULL,'17:00',3,30,10,0,'2019-11-05 13:50:40'),(33,54,1,NULL,'17:00',3,30,10,0,'2019-12-07 17:36:59'),(34,55,1,NULL,'17:00',3,30,10,0,'2019-12-18 09:54:54'),(35,56,1,NULL,'17:00',3,30,10,0,'2019-12-21 08:44:03'),(36,57,1,NULL,'17:00',3,30,10,0,'2019-12-25 11:23:08'),(37,58,1,NULL,'17:00',3,30,10,0,'2019-12-29 11:22:58'),(38,59,1,NULL,'17:00',3,30,10,0,'2019-12-31 14:57:34'),(39,60,1,NULL,'17:00',3,30,10,0,'2019-12-31 15:02:21');
/*!40000 ALTER TABLE `USER_SETTING` ENABLE KEYS */;
UNLOCK TABLES;

--
-- Table structure for table `USER_TEMP`
--

DROP TABLE IF EXISTS `USER_TEMP`;
/*!40101 SET @saved_cs_client     = @@character_set_client */;
/*!50503 SET character_set_client = utf8mb4 */;
CREATE TABLE `USER_TEMP` (
  `ID` int(11) NOT NULL AUTO_INCREMENT,
  `TEMPLATE_ID` int(11) NOT NULL,
  `USER_ID` int(11) NOT NULL,
  `STATUS_ACTIVE` int(11) NOT NULL DEFAULT '1',
  `DATE_CREATE` timestamp NOT NULL DEFAULT CURRENT_TIMESTAMP,
  PRIMARY KEY (`ID`)
) ENGINE=InnoDB AUTO_INCREMENT=62 DEFAULT CHARSET=utf8;
/*!40101 SET character_set_client = @saved_cs_client */;

--
-- Dumping data for table `USER_TEMP`
--

LOCK TABLES `USER_TEMP` WRITE;
/*!40000 ALTER TABLE `USER_TEMP` DISABLE KEYS */;
INSERT INTO `USER_TEMP` VALUES (43,4,40,0,'2019-12-14 09:33:43'),(44,4,55,1,'2019-12-18 09:55:51'),(45,4,56,1,'2019-12-21 08:45:15'),(46,4,46,0,'2019-12-23 11:50:19'),(47,4,46,0,'2019-12-23 12:01:09'),(48,4,46,0,'2019-12-23 14:21:51'),(49,4,57,1,'2019-12-25 11:32:56'),(50,4,46,0,'2019-12-27 14:50:23'),(51,4,46,0,'2019-12-27 15:46:21'),(52,4,1,1,'2019-12-28 11:46:01'),(53,4,58,0,'2019-12-29 11:24:27'),(54,1,58,1,'2019-12-29 13:22:23'),(55,4,46,0,'2019-12-30 13:29:15'),(56,4,46,0,'2019-12-30 13:34:16'),(57,4,46,0,'2020-01-02 13:49:26'),(58,4,46,0,'2020-01-02 14:19:23'),(59,4,46,0,'2020-01-06 18:58:16'),(60,1,46,1,'2020-01-07 10:35:20'),(61,5,40,1,'2020-01-07 18:49:07');
/*!40000 ALTER TABLE `USER_TEMP` ENABLE KEYS */;
UNLOCK TABLES;

--
-- Table structure for table `USER_TEMPLATE_FAVORITE`
--

DROP TABLE IF EXISTS `USER_TEMPLATE_FAVORITE`;
/*!40101 SET @saved_cs_client     = @@character_set_client */;
/*!50503 SET character_set_client = utf8mb4 */;
CREATE TABLE `USER_TEMPLATE_FAVORITE` (
  `ID` int(11) NOT NULL AUTO_INCREMENT,
  `USER_ID` int(11) NOT NULL,
  `TEMPLATE_ID` int(11) NOT NULL,
  `DATE_CREATE` timestamp NOT NULL DEFAULT CURRENT_TIMESTAMP,
  PRIMARY KEY (`ID`)
) ENGINE=InnoDB AUTO_INCREMENT=21 DEFAULT CHARSET=utf8;
/*!40101 SET character_set_client = @saved_cs_client */;

--
-- Dumping data for table `USER_TEMPLATE_FAVORITE`
--

LOCK TABLES `USER_TEMPLATE_FAVORITE` WRITE;
/*!40000 ALTER TABLE `USER_TEMPLATE_FAVORITE` DISABLE KEYS */;
INSERT INTO `USER_TEMPLATE_FAVORITE` VALUES (2,23,10,'2019-03-20 16:49:36'),(6,23,1,'2019-06-20 17:45:48'),(7,23,2,'2019-06-20 17:45:53'),(10,40,1,'2019-11-08 14:36:03'),(12,40,4,'2019-12-10 11:18:10'),(13,40,3,'2019-12-13 13:29:32'),(14,57,4,'2019-12-25 11:32:22'),(15,58,4,'2019-12-29 13:29:32'),(20,46,4,'2020-01-02 12:53:03');
/*!40000 ALTER TABLE `USER_TEMPLATE_FAVORITE` ENABLE KEYS */;
UNLOCK TABLES;

--
-- Table structure for table `USER_TEMP_DAY`
--

DROP TABLE IF EXISTS `USER_TEMP_DAY`;
/*!40101 SET @saved_cs_client     = @@character_set_client */;
/*!50503 SET character_set_client = utf8mb4 */;
CREATE TABLE `USER_TEMP_DAY` (
  `ID` int(11) NOT NULL AUTO_INCREMENT,
  `USER_TEMP_ID` int(11) NOT NULL,
  `TEMPLATE_DAY_ID` int(11) NOT NULL,
  `DAY_TRAINING` int(11) NOT NULL,
  `IS_REST` tinyint(4) NOT NULL,
  `COMPLETED` int(11) NOT NULL DEFAULT '0',
  `START_DATETIME` datetime NOT NULL,
  `END_DATETIME` datetime DEFAULT NULL,
  `DATE_CREATE` timestamp NOT NULL DEFAULT CURRENT_TIMESTAMP,
  PRIMARY KEY (`ID`)
) ENGINE=InnoDB AUTO_INCREMENT=1125 DEFAULT CHARSET=utf8;
/*!40101 SET character_set_client = @saved_cs_client */;

--
-- Dumping data for table `USER_TEMP_DAY`
--

LOCK TABLES `USER_TEMP_DAY` WRITE;
/*!40000 ALTER TABLE `USER_TEMP_DAY` DISABLE KEYS */;
INSERT INTO `USER_TEMP_DAY` VALUES (578,43,16,1,0,0,'2019-12-14 15:20:00',NULL,'2019-12-14 09:33:43'),(579,43,17,2,0,0,'2019-12-15 20:30:00',NULL,'2019-12-14 09:33:43'),(580,43,18,3,0,0,'2019-12-16 20:30:00',NULL,'2019-12-14 09:33:43'),(581,43,19,4,0,0,'2019-12-17 20:30:00',NULL,'2019-12-14 09:33:43'),(582,43,20,5,0,0,'2019-12-18 20:30:00',NULL,'2019-12-14 09:33:43'),(583,43,21,6,0,0,'2019-12-19 20:30:00',NULL,'2019-12-14 09:33:43'),(584,43,22,7,0,0,'2019-12-20 20:30:00',NULL,'2019-12-14 09:33:43'),(585,43,23,8,0,0,'2019-12-21 20:30:00',NULL,'2019-12-14 09:33:43'),(586,43,24,9,0,1,'2019-12-22 19:22:42','2019-12-22 19:22:43','2019-12-14 09:33:43'),(587,43,25,10,0,0,'2019-12-23 20:30:00',NULL,'2019-12-14 09:33:43'),(588,43,26,11,0,0,'2019-12-24 20:30:00',NULL,'2019-12-14 09:33:43'),(589,43,27,12,0,0,'2019-12-25 20:30:00',NULL,'2019-12-14 09:33:43'),(590,43,28,13,0,0,'2019-12-26 20:30:00',NULL,'2019-12-14 09:33:43'),(591,43,29,14,0,1,'2019-12-27 02:34:50','2019-12-27 02:34:56','2019-12-14 09:33:43'),(592,43,30,15,0,0,'2019-12-28 20:30:00',NULL,'2019-12-14 09:33:43'),(593,43,31,16,0,0,'2019-12-29 20:30:00',NULL,'2019-12-14 09:33:43'),(594,43,32,17,0,0,'2019-12-30 20:30:00',NULL,'2019-12-14 09:33:43'),(595,43,33,18,0,0,'2019-12-31 20:30:00',NULL,'2019-12-14 09:33:43'),(596,43,34,19,0,0,'2020-01-01 20:30:00',NULL,'2019-12-14 09:33:43'),(597,43,35,20,0,0,'2020-01-02 20:30:00',NULL,'2019-12-14 09:33:43'),(598,43,36,21,0,0,'2020-01-03 20:30:00',NULL,'2019-12-14 09:33:43'),(599,43,37,22,0,0,'2020-01-04 20:30:00',NULL,'2019-12-14 09:33:43'),(600,43,38,23,0,0,'2020-01-05 20:30:00',NULL,'2019-12-14 09:33:43'),(601,43,39,24,0,0,'2020-01-06 20:30:00',NULL,'2019-12-14 09:33:43'),(602,43,40,25,0,0,'2020-01-07 20:30:00',NULL,'2019-12-14 09:33:43'),(603,43,41,26,0,0,'2020-01-08 20:30:00',NULL,'2019-12-14 09:33:43'),(604,43,42,27,0,0,'2020-01-09 20:30:00',NULL,'2019-12-14 09:33:43'),(605,43,43,28,0,0,'2020-01-10 20:30:00',NULL,'2019-12-14 09:33:43'),(606,43,44,29,0,0,'2020-01-11 20:30:00',NULL,'2019-12-14 09:33:43'),(607,43,45,30,0,0,'2020-01-12 20:30:00',NULL,'2019-12-14 09:33:43'),(609,44,16,1,0,0,'2019-12-18 18:50:00',NULL,'2019-12-18 09:55:51'),(610,44,17,2,0,0,'2019-12-19 18:50:00',NULL,'2019-12-18 09:55:51'),(611,44,18,3,0,0,'2019-12-20 18:50:00',NULL,'2019-12-18 09:55:51'),(612,44,19,4,0,0,'2019-12-21 18:50:00',NULL,'2019-12-18 09:55:51'),(613,44,20,5,0,0,'2019-12-22 18:50:00',NULL,'2019-12-18 09:55:51'),(614,44,21,6,0,0,'2019-12-23 18:50:00',NULL,'2019-12-18 09:55:51'),(615,44,22,7,0,0,'2019-12-24 18:50:00',NULL,'2019-12-18 09:55:51'),(616,44,23,8,0,0,'2019-12-25 18:50:00',NULL,'2019-12-18 09:55:51'),(617,44,24,9,0,0,'2019-12-26 18:50:00',NULL,'2019-12-18 09:55:51'),(618,44,25,10,0,0,'2019-12-27 18:50:00',NULL,'2019-12-18 09:55:51'),(619,44,26,11,0,0,'2019-12-28 18:50:00',NULL,'2019-12-18 09:55:51'),(620,44,27,12,0,0,'2019-12-29 18:50:00',NULL,'2019-12-18 09:55:51'),(621,44,28,13,0,0,'2019-12-30 18:50:00',NULL,'2019-12-18 09:55:51'),(622,44,29,14,0,0,'2019-12-31 18:50:00',NULL,'2019-12-18 09:55:51'),(623,44,30,15,0,0,'2020-01-01 18:50:00',NULL,'2019-12-18 09:55:51'),(624,44,31,16,0,0,'2020-01-02 18:50:00',NULL,'2019-12-18 09:55:51'),(625,44,32,17,0,0,'2020-01-03 18:50:00',NULL,'2019-12-18 09:55:51'),(626,44,33,18,0,0,'2020-01-04 18:50:00',NULL,'2019-12-18 09:55:51'),(627,44,34,19,0,0,'2020-01-05 18:50:00',NULL,'2019-12-18 09:55:51'),(628,44,35,20,0,0,'2020-01-06 18:50:00',NULL,'2019-12-18 09:55:51'),(629,44,36,21,0,0,'2020-01-07 18:50:00',NULL,'2019-12-18 09:55:51'),(630,44,37,22,0,0,'2020-01-08 18:50:00',NULL,'2019-12-18 09:55:51'),(631,44,38,23,0,0,'2020-01-09 18:50:00',NULL,'2019-12-18 09:55:51'),(632,44,39,24,0,0,'2020-01-10 18:50:00',NULL,'2019-12-18 09:55:51'),(633,44,40,25,0,0,'2020-01-11 18:50:00',NULL,'2019-12-18 09:55:51'),(634,44,41,26,0,0,'2020-01-12 18:50:00',NULL,'2019-12-18 09:55:51'),(635,44,42,27,0,0,'2020-01-13 18:50:00',NULL,'2019-12-18 09:55:51'),(636,44,43,28,0,0,'2020-01-14 18:50:00',NULL,'2019-12-18 09:55:51'),(637,44,44,29,0,0,'2020-01-15 18:50:00',NULL,'2019-12-18 09:55:51'),(638,44,45,30,0,0,'2020-01-16 18:50:00',NULL,'2019-12-18 09:55:51'),(640,45,16,1,0,0,'2019-12-21 20:00:00',NULL,'2019-12-21 08:45:15'),(641,45,17,2,0,0,'2019-12-22 20:00:00',NULL,'2019-12-21 08:45:15'),(642,45,18,3,0,0,'2019-12-23 20:00:00',NULL,'2019-12-21 08:45:15'),(643,45,19,4,0,0,'2019-12-24 20:00:00',NULL,'2019-12-21 08:45:15'),(644,45,20,5,0,0,'2019-12-25 20:00:00',NULL,'2019-12-21 08:45:15'),(645,45,21,6,0,0,'2019-12-26 20:00:00',NULL,'2019-12-21 08:45:15'),(646,45,22,7,0,0,'2019-12-27 20:00:00',NULL,'2019-12-21 08:45:15'),(647,45,23,8,0,0,'2019-12-28 20:00:00',NULL,'2019-12-21 08:45:15'),(648,45,24,9,0,0,'2019-12-29 20:00:00',NULL,'2019-12-21 08:45:15'),(649,45,25,10,0,0,'2019-12-30 20:00:00',NULL,'2019-12-21 08:45:15'),(650,45,26,11,0,0,'2019-12-31 20:00:00',NULL,'2019-12-21 08:45:15'),(651,45,27,12,0,0,'2020-01-01 20:00:00',NULL,'2019-12-21 08:45:15'),(652,45,28,13,0,0,'2020-01-02 20:00:00',NULL,'2019-12-21 08:45:15'),(653,45,29,14,0,0,'2020-01-03 20:00:00',NULL,'2019-12-21 08:45:15'),(654,45,30,15,0,0,'2020-01-04 20:00:00',NULL,'2019-12-21 08:45:15'),(655,45,31,16,0,0,'2020-01-05 20:00:00',NULL,'2019-12-21 08:45:15'),(656,45,32,17,0,0,'2020-01-06 20:00:00',NULL,'2019-12-21 08:45:15'),(657,45,33,18,0,0,'2020-01-07 20:00:00',NULL,'2019-12-21 08:45:15'),(658,45,34,19,0,0,'2020-01-08 20:00:00',NULL,'2019-12-21 08:45:15'),(659,45,35,20,0,0,'2020-01-09 20:00:00',NULL,'2019-12-21 08:45:15'),(660,45,36,21,0,0,'2020-01-10 20:00:00',NULL,'2019-12-21 08:45:15'),(661,45,37,22,0,0,'2020-01-11 20:00:00',NULL,'2019-12-21 08:45:15'),(662,45,38,23,0,0,'2020-01-12 20:00:00',NULL,'2019-12-21 08:45:15'),(663,45,39,24,0,0,'2020-01-13 20:00:00',NULL,'2019-12-21 08:45:15'),(664,45,40,25,0,0,'2020-01-14 20:00:00',NULL,'2019-12-21 08:45:15'),(665,45,41,26,0,0,'2020-01-15 20:00:00',NULL,'2019-12-21 08:45:15'),(666,45,42,27,0,0,'2020-01-16 20:00:00',NULL,'2019-12-21 08:45:15'),(667,45,43,28,0,0,'2020-01-17 20:00:00',NULL,'2019-12-21 08:45:15'),(668,45,44,29,0,0,'2020-01-18 20:00:00',NULL,'2019-12-21 08:45:15'),(669,45,45,30,0,0,'2020-01-19 20:00:00',NULL,'2019-12-21 08:45:15'),(671,46,16,1,0,1,'2019-12-23 14:52:01','2019-12-23 14:53:15','2019-12-23 11:50:19'),(672,46,17,2,0,0,'2019-12-24 18:30:00',NULL,'2019-12-23 11:50:19'),(673,46,18,3,0,0,'2019-12-25 18:30:00',NULL,'2019-12-23 11:50:19'),(674,46,19,4,0,0,'2019-12-26 18:30:00',NULL,'2019-12-23 11:50:19'),(675,46,20,5,0,0,'2019-12-27 18:30:00',NULL,'2019-12-23 11:50:19'),(676,46,21,6,0,0,'2019-12-28 18:30:00',NULL,'2019-12-23 11:50:19'),(677,46,22,7,0,0,'2019-12-29 18:30:00',NULL,'2019-12-23 11:50:19'),(678,46,23,8,0,0,'2019-12-30 18:30:00',NULL,'2019-12-23 11:50:19'),(679,46,24,9,0,0,'2019-12-31 18:30:00',NULL,'2019-12-23 11:50:19'),(680,46,25,10,0,0,'2020-01-01 18:30:00',NULL,'2019-12-23 11:50:19'),(681,46,26,11,0,0,'2020-01-02 18:30:00',NULL,'2019-12-23 11:50:19'),(682,46,27,12,0,0,'2020-01-03 18:30:00',NULL,'2019-12-23 11:50:19'),(683,46,28,13,0,0,'2020-01-04 18:30:00',NULL,'2019-12-23 11:50:19'),(684,46,29,14,0,0,'2020-01-05 18:30:00',NULL,'2019-12-23 11:50:19'),(685,46,30,15,0,0,'2020-01-06 18:30:00',NULL,'2019-12-23 11:50:19'),(686,46,31,16,0,0,'2020-01-07 18:30:00',NULL,'2019-12-23 11:50:19'),(687,46,32,17,0,0,'2020-01-08 18:30:00',NULL,'2019-12-23 11:50:19'),(688,46,33,18,0,0,'2020-01-09 18:30:00',NULL,'2019-12-23 11:50:19'),(689,46,34,19,0,0,'2020-01-10 18:30:00',NULL,'2019-12-23 11:50:19'),(690,46,35,20,0,0,'2020-01-11 18:30:00',NULL,'2019-12-23 11:50:19'),(691,46,36,21,0,0,'2020-01-12 18:30:00',NULL,'2019-12-23 11:50:19'),(692,46,37,22,0,0,'2020-01-13 18:30:00',NULL,'2019-12-23 11:50:19'),(693,46,38,23,0,0,'2020-01-14 18:30:00',NULL,'2019-12-23 11:50:19'),(694,46,39,24,0,0,'2020-01-15 18:30:00',NULL,'2019-12-23 11:50:19'),(695,46,40,25,0,0,'2020-01-16 18:30:00',NULL,'2019-12-23 11:50:19'),(696,46,41,26,0,0,'2020-01-17 18:30:00',NULL,'2019-12-23 11:50:19'),(697,46,42,27,0,0,'2020-01-18 18:30:00',NULL,'2019-12-23 11:50:19'),(698,46,43,28,0,0,'2020-01-19 18:30:00',NULL,'2019-12-23 11:50:19'),(699,46,44,29,0,0,'2020-01-20 18:30:00',NULL,'2019-12-23 11:50:19'),(700,46,45,30,0,0,'2020-01-21 18:30:00',NULL,'2019-12-23 11:50:19'),(702,47,16,1,0,1,'2019-12-23 15:02:04','2019-12-23 15:02:47','2019-12-23 12:01:09'),(703,47,17,2,0,0,'2019-12-24 18:35:00',NULL,'2019-12-23 12:01:09'),(704,47,18,3,0,0,'2019-12-25 18:35:00',NULL,'2019-12-23 12:01:09'),(705,47,19,4,0,0,'2019-12-26 18:35:00',NULL,'2019-12-23 12:01:09'),(706,47,20,5,0,0,'2019-12-27 18:35:00',NULL,'2019-12-23 12:01:09'),(707,47,21,6,0,0,'2019-12-28 18:35:00',NULL,'2019-12-23 12:01:09'),(708,47,22,7,0,0,'2019-12-29 18:35:00',NULL,'2019-12-23 12:01:09'),(709,47,23,8,0,0,'2019-12-30 18:35:00',NULL,'2019-12-23 12:01:09'),(710,47,24,9,0,0,'2019-12-31 18:35:00',NULL,'2019-12-23 12:01:09'),(711,47,25,10,0,0,'2020-01-01 18:35:00',NULL,'2019-12-23 12:01:09'),(712,47,26,11,0,0,'2020-01-02 18:35:00',NULL,'2019-12-23 12:01:09'),(713,47,27,12,0,0,'2020-01-03 18:35:00',NULL,'2019-12-23 12:01:09'),(714,47,28,13,0,0,'2020-01-04 18:35:00',NULL,'2019-12-23 12:01:09'),(715,47,29,14,0,0,'2020-01-05 18:35:00',NULL,'2019-12-23 12:01:09'),(716,47,30,15,0,0,'2020-01-06 18:35:00',NULL,'2019-12-23 12:01:09'),(717,47,31,16,0,0,'2020-01-07 18:35:00',NULL,'2019-12-23 12:01:09'),(718,47,32,17,0,0,'2020-01-08 18:35:00',NULL,'2019-12-23 12:01:09'),(719,47,33,18,0,0,'2020-01-09 18:35:00',NULL,'2019-12-23 12:01:09'),(720,47,34,19,0,0,'2020-01-10 18:35:00',NULL,'2019-12-23 12:01:09'),(721,47,35,20,0,0,'2020-01-11 18:35:00',NULL,'2019-12-23 12:01:09'),(722,47,36,21,0,0,'2020-01-12 18:35:00',NULL,'2019-12-23 12:01:09'),(723,47,37,22,0,0,'2020-01-13 18:35:00',NULL,'2019-12-23 12:01:09'),(724,47,38,23,0,0,'2020-01-14 18:35:00',NULL,'2019-12-23 12:01:09'),(725,47,39,24,0,0,'2020-01-15 18:35:00',NULL,'2019-12-23 12:01:09'),(726,47,40,25,0,0,'2020-01-16 18:35:00',NULL,'2019-12-23 12:01:09'),(727,47,41,26,0,0,'2020-01-17 18:35:00',NULL,'2019-12-23 12:01:09'),(728,47,42,27,0,0,'2020-01-18 18:35:00',NULL,'2019-12-23 12:01:09'),(729,47,43,28,0,0,'2020-01-19 18:35:00',NULL,'2019-12-23 12:01:09'),(730,47,44,29,0,0,'2020-01-20 18:35:00',NULL,'2019-12-23 12:01:09'),(731,47,45,30,0,0,'2020-01-21 18:35:00',NULL,'2019-12-23 12:01:09'),(733,48,16,1,0,0,'2019-12-23 17:24:00',NULL,'2019-12-23 14:21:51'),(734,48,17,2,0,0,'2019-12-24 17:24:00',NULL,'2019-12-23 14:21:51'),(735,48,18,3,0,0,'2019-12-25 17:24:00',NULL,'2019-12-23 14:21:51'),(736,48,19,4,0,0,'2019-12-26 17:24:00',NULL,'2019-12-23 14:21:51'),(737,48,20,5,0,0,'2019-12-27 17:24:00',NULL,'2019-12-23 14:21:51'),(738,48,21,6,0,0,'2019-12-28 17:24:00',NULL,'2019-12-23 14:21:51'),(739,48,22,7,0,0,'2019-12-29 17:24:00',NULL,'2019-12-23 14:21:51'),(740,48,23,8,0,0,'2019-12-30 17:24:00',NULL,'2019-12-23 14:21:51'),(741,48,24,9,0,0,'2019-12-31 17:24:00',NULL,'2019-12-23 14:21:51'),(742,48,25,10,0,0,'2020-01-01 17:24:00',NULL,'2019-12-23 14:21:51'),(743,48,26,11,0,0,'2020-01-02 17:24:00',NULL,'2019-12-23 14:21:51'),(744,48,27,12,0,0,'2020-01-03 17:24:00',NULL,'2019-12-23 14:21:51'),(745,48,28,13,0,0,'2020-01-04 17:24:00',NULL,'2019-12-23 14:21:51'),(746,48,29,14,0,0,'2020-01-05 17:24:00',NULL,'2019-12-23 14:21:51'),(747,48,30,15,0,0,'2020-01-06 17:24:00',NULL,'2019-12-23 14:21:51'),(748,48,31,16,0,0,'2020-01-07 17:24:00',NULL,'2019-12-23 14:21:51'),(749,48,32,17,0,0,'2020-01-08 17:24:00',NULL,'2019-12-23 14:21:51'),(750,48,33,18,0,0,'2020-01-09 17:24:00',NULL,'2019-12-23 14:21:51'),(751,48,34,19,0,0,'2020-01-10 17:24:00',NULL,'2019-12-23 14:21:51'),(752,48,35,20,0,0,'2020-01-11 17:24:00',NULL,'2019-12-23 14:21:51'),(753,48,36,21,0,0,'2020-01-12 17:24:00',NULL,'2019-12-23 14:21:51'),(754,48,37,22,0,0,'2020-01-13 17:24:00',NULL,'2019-12-23 14:21:51'),(755,48,38,23,0,0,'2020-01-14 17:24:00',NULL,'2019-12-23 14:21:51'),(756,48,39,24,0,0,'2020-01-15 17:24:00',NULL,'2019-12-23 14:21:51'),(757,48,40,25,0,0,'2020-01-16 17:24:00',NULL,'2019-12-23 14:21:51'),(758,48,41,26,0,0,'2020-01-17 17:24:00',NULL,'2019-12-23 14:21:51'),(759,48,42,27,0,0,'2020-01-18 17:24:00',NULL,'2019-12-23 14:21:51'),(760,48,43,28,0,0,'2020-01-19 17:24:00',NULL,'2019-12-23 14:21:51'),(761,48,44,29,0,0,'2020-01-20 17:24:00',NULL,'2019-12-23 14:21:51'),(762,48,45,30,0,0,'2020-01-21 17:24:00',NULL,'2019-12-23 14:21:51'),(764,49,16,1,0,1,'2019-12-25 14:34:09','2019-12-25 14:34:37','2019-12-25 11:32:56'),(765,49,17,2,0,0,'2019-12-26 14:32:00',NULL,'2019-12-25 11:32:56'),(766,49,18,3,0,0,'2019-12-27 14:32:00',NULL,'2019-12-25 11:32:56'),(767,49,19,4,0,0,'2019-12-28 14:32:00',NULL,'2019-12-25 11:32:56'),(768,49,20,5,0,0,'2019-12-29 14:32:00',NULL,'2019-12-25 11:32:56'),(769,49,21,6,0,0,'2019-12-30 14:32:00',NULL,'2019-12-25 11:32:56'),(770,49,22,7,0,0,'2019-12-31 14:32:00',NULL,'2019-12-25 11:32:56'),(771,49,23,8,0,0,'2020-01-01 14:32:00',NULL,'2019-12-25 11:32:56'),(772,49,24,9,0,0,'2020-01-02 14:32:00',NULL,'2019-12-25 11:32:56'),(773,49,25,10,0,0,'2020-01-03 14:32:00',NULL,'2019-12-25 11:32:56'),(774,49,26,11,0,0,'2020-01-04 14:32:00',NULL,'2019-12-25 11:32:56'),(775,49,27,12,0,0,'2020-01-05 14:32:00',NULL,'2019-12-25 11:32:56'),(776,49,28,13,0,0,'2020-01-06 14:32:00',NULL,'2019-12-25 11:32:56'),(777,49,29,14,0,0,'2020-01-07 14:32:00',NULL,'2019-12-25 11:32:56'),(778,49,30,15,0,0,'2020-01-08 14:32:00',NULL,'2019-12-25 11:32:56'),(779,49,31,16,0,0,'2020-01-09 14:32:00',NULL,'2019-12-25 11:32:56'),(780,49,32,17,0,0,'2020-01-10 14:32:00',NULL,'2019-12-25 11:32:56'),(781,49,33,18,0,0,'2020-01-11 14:32:00',NULL,'2019-12-25 11:32:56'),(782,49,34,19,0,0,'2020-01-12 14:32:00',NULL,'2019-12-25 11:32:56'),(783,49,35,20,0,0,'2020-01-13 14:32:00',NULL,'2019-12-25 11:32:56'),(784,49,36,21,0,0,'2020-01-14 14:32:00',NULL,'2019-12-25 11:32:56'),(785,49,37,22,0,0,'2020-01-15 14:32:00',NULL,'2019-12-25 11:32:56'),(786,49,38,23,0,0,'2020-01-16 14:32:00',NULL,'2019-12-25 11:32:56'),(787,49,39,24,0,0,'2020-01-17 14:32:00',NULL,'2019-12-25 11:32:56'),(788,49,40,25,0,0,'2020-01-18 14:32:00',NULL,'2019-12-25 11:32:56'),(789,49,41,26,0,0,'2020-01-19 14:32:00',NULL,'2019-12-25 11:32:56'),(790,49,42,27,0,0,'2020-01-20 14:32:00',NULL,'2019-12-25 11:32:56'),(791,49,43,28,0,0,'2020-01-21 14:32:00',NULL,'2019-12-25 11:32:56'),(792,49,44,29,0,0,'2020-01-22 14:32:00',NULL,'2019-12-25 11:32:56'),(793,49,45,30,0,0,'2020-01-23 14:32:00',NULL,'2019-12-25 11:32:56'),(795,50,16,1,0,0,'2019-12-27 17:55:00',NULL,'2019-12-27 14:50:23'),(796,50,17,2,0,0,'2019-12-28 17:55:00',NULL,'2019-12-27 14:50:23'),(797,50,18,3,0,0,'2019-12-29 17:55:00',NULL,'2019-12-27 14:50:23'),(798,50,19,4,0,0,'2019-12-30 17:55:00',NULL,'2019-12-27 14:50:23'),(799,50,20,5,0,0,'2019-12-31 17:55:00',NULL,'2019-12-27 14:50:23'),(800,50,21,6,0,0,'2020-01-01 17:55:00',NULL,'2019-12-27 14:50:23'),(801,50,22,7,0,0,'2020-01-02 17:55:00',NULL,'2019-12-27 14:50:23'),(802,50,23,8,0,0,'2020-01-03 17:55:00',NULL,'2019-12-27 14:50:23'),(803,50,24,9,0,0,'2020-01-04 17:55:00',NULL,'2019-12-27 14:50:23'),(804,50,25,10,0,0,'2020-01-05 17:55:00',NULL,'2019-12-27 14:50:23'),(805,50,26,11,0,0,'2020-01-06 17:55:00',NULL,'2019-12-27 14:50:23'),(806,50,27,12,0,0,'2020-01-07 17:55:00',NULL,'2019-12-27 14:50:23'),(807,50,28,13,0,0,'2020-01-08 17:55:00',NULL,'2019-12-27 14:50:23'),(808,50,29,14,0,0,'2020-01-09 17:55:00',NULL,'2019-12-27 14:50:23'),(809,50,30,15,0,0,'2020-01-10 17:55:00',NULL,'2019-12-27 14:50:23'),(810,50,31,16,0,0,'2020-01-11 17:55:00',NULL,'2019-12-27 14:50:23'),(811,50,32,17,0,0,'2020-01-12 17:55:00',NULL,'2019-12-27 14:50:23'),(812,50,33,18,0,0,'2020-01-13 17:55:00',NULL,'2019-12-27 14:50:23'),(813,50,34,19,0,0,'2020-01-14 17:55:00',NULL,'2019-12-27 14:50:23'),(814,50,35,20,0,0,'2020-01-15 17:55:00',NULL,'2019-12-27 14:50:23'),(815,50,36,21,0,0,'2020-01-16 17:55:00',NULL,'2019-12-27 14:50:23'),(816,50,37,22,0,0,'2020-01-17 17:55:00',NULL,'2019-12-27 14:50:23'),(817,50,38,23,0,0,'2020-01-18 17:55:00',NULL,'2019-12-27 14:50:23'),(818,50,39,24,0,0,'2020-01-19 17:55:00',NULL,'2019-12-27 14:50:23'),(819,50,40,25,0,0,'2020-01-20 17:55:00',NULL,'2019-12-27 14:50:23'),(820,50,41,26,0,0,'2020-01-21 17:55:00',NULL,'2019-12-27 14:50:23'),(821,50,42,27,0,0,'2020-01-22 17:55:00',NULL,'2019-12-27 14:50:23'),(822,50,43,28,0,0,'2020-01-23 17:55:00',NULL,'2019-12-27 14:50:23'),(823,50,44,29,0,0,'2020-01-24 17:55:00',NULL,'2019-12-27 14:50:23'),(824,50,45,30,0,0,'2020-01-25 17:55:00',NULL,'2019-12-27 14:50:23'),(826,51,16,1,0,1,'2019-12-27 18:53:13','2019-12-27 18:53:16','2019-12-27 15:46:21'),(827,51,17,2,0,0,'2019-12-28 18:48:00',NULL,'2019-12-27 15:46:21'),(828,51,18,3,0,0,'2019-12-29 18:48:00',NULL,'2019-12-27 15:46:21'),(829,51,19,4,0,0,'2019-12-30 18:48:00',NULL,'2019-12-27 15:46:21'),(830,51,20,5,0,0,'2019-12-31 18:48:00',NULL,'2019-12-27 15:46:21'),(831,51,21,6,0,0,'2020-01-01 18:48:00',NULL,'2019-12-27 15:46:21'),(832,51,22,7,0,0,'2020-01-02 18:48:00',NULL,'2019-12-27 15:46:21'),(833,51,23,8,0,0,'2020-01-03 18:48:00',NULL,'2019-12-27 15:46:21'),(834,51,24,9,0,0,'2020-01-04 18:48:00',NULL,'2019-12-27 15:46:21'),(835,51,25,10,0,0,'2020-01-05 18:48:00',NULL,'2019-12-27 15:46:21'),(836,51,26,11,0,0,'2020-01-06 18:48:00',NULL,'2019-12-27 15:46:21'),(837,51,27,12,0,0,'2020-01-07 18:48:00',NULL,'2019-12-27 15:46:21'),(838,51,28,13,0,0,'2020-01-08 18:48:00',NULL,'2019-12-27 15:46:21'),(839,51,29,14,0,0,'2020-01-09 18:48:00',NULL,'2019-12-27 15:46:21'),(840,51,30,15,0,0,'2020-01-10 18:48:00',NULL,'2019-12-27 15:46:21'),(841,51,31,16,0,0,'2020-01-11 18:48:00',NULL,'2019-12-27 15:46:21'),(842,51,32,17,0,0,'2020-01-12 18:48:00',NULL,'2019-12-27 15:46:21'),(843,51,33,18,0,0,'2020-01-13 18:48:00',NULL,'2019-12-27 15:46:21'),(844,51,34,19,0,0,'2020-01-14 18:48:00',NULL,'2019-12-27 15:46:21'),(845,51,35,20,0,0,'2020-01-15 18:48:00',NULL,'2019-12-27 15:46:21'),(846,51,36,21,0,0,'2020-01-16 18:48:00',NULL,'2019-12-27 15:46:21'),(847,51,37,22,0,0,'2020-01-17 18:48:00',NULL,'2019-12-27 15:46:21'),(848,51,38,23,0,0,'2020-01-18 18:48:00',NULL,'2019-12-27 15:46:21'),(849,51,39,24,0,0,'2020-01-19 18:48:00',NULL,'2019-12-27 15:46:21'),(850,51,40,25,0,0,'2020-01-20 18:48:00',NULL,'2019-12-27 15:46:21'),(851,51,41,26,0,0,'2020-01-21 18:48:00',NULL,'2019-12-27 15:46:21'),(852,51,42,27,0,0,'2020-01-22 18:48:00',NULL,'2019-12-27 15:46:21'),(853,51,43,28,0,0,'2020-01-23 18:48:00',NULL,'2019-12-27 15:46:21'),(854,51,44,29,0,0,'2020-01-24 18:48:00',NULL,'2019-12-27 15:46:21'),(855,51,45,30,0,0,'2020-01-25 18:48:00',NULL,'2019-12-27 15:46:21'),(857,52,16,1,0,0,'2019-10-01 18:48:00',NULL,'2019-12-28 11:46:01'),(858,52,17,2,0,0,'2019-10-02 18:48:00',NULL,'2019-12-28 11:46:01'),(859,52,18,3,0,0,'2019-10-03 18:48:00',NULL,'2019-12-28 11:46:01'),(860,52,19,4,0,0,'2019-10-04 18:48:00',NULL,'2019-12-28 11:46:01'),(861,52,20,5,0,0,'2019-10-05 18:48:00',NULL,'2019-12-28 11:46:01'),(862,52,21,6,0,0,'2019-10-06 18:48:00',NULL,'2019-12-28 11:46:01'),(863,52,22,7,0,0,'2019-10-07 18:48:00',NULL,'2019-12-28 11:46:01'),(864,52,23,8,0,0,'2019-10-08 18:48:00',NULL,'2019-12-28 11:46:01'),(865,52,24,9,0,0,'2019-10-09 18:48:00',NULL,'2019-12-28 11:46:01'),(866,52,25,10,0,0,'2019-10-10 18:48:00',NULL,'2019-12-28 11:46:01'),(867,52,26,11,0,0,'2019-10-11 18:48:00',NULL,'2019-12-28 11:46:01'),(868,52,27,12,0,0,'2019-10-12 18:48:00',NULL,'2019-12-28 11:46:01'),(869,52,28,13,0,0,'2019-10-13 18:48:00',NULL,'2019-12-28 11:46:01'),(870,52,29,14,0,0,'2019-10-14 18:48:00',NULL,'2019-12-28 11:46:01'),(871,52,30,15,0,0,'2019-10-15 18:48:00',NULL,'2019-12-28 11:46:01'),(872,52,31,16,0,0,'2019-10-16 18:48:00',NULL,'2019-12-28 11:46:01'),(873,52,32,17,0,0,'2019-10-17 18:48:00',NULL,'2019-12-28 11:46:01'),(874,52,33,18,0,0,'2019-10-18 18:48:00',NULL,'2019-12-28 11:46:01'),(875,52,34,19,0,0,'2019-10-19 18:48:00',NULL,'2019-12-28 11:46:01'),(876,52,35,20,0,0,'2019-10-20 18:48:00',NULL,'2019-12-28 11:46:01'),(877,52,36,21,0,0,'2019-10-21 18:48:00',NULL,'2019-12-28 11:46:01'),(878,52,37,22,0,0,'2019-10-22 18:48:00',NULL,'2019-12-28 11:46:01'),(879,52,38,23,0,0,'2019-10-23 18:48:00',NULL,'2019-12-28 11:46:01'),(880,52,39,24,0,0,'2019-10-24 18:48:00',NULL,'2019-12-28 11:46:01'),(881,52,40,25,0,0,'2019-10-25 18:48:00',NULL,'2019-12-28 11:46:01'),(882,52,41,26,0,0,'2019-10-26 18:48:00',NULL,'2019-12-28 11:46:01'),(883,52,42,27,0,0,'2019-10-27 18:48:00',NULL,'2019-12-28 11:46:01'),(884,52,43,28,0,0,'2019-10-28 18:48:00',NULL,'2019-12-28 11:46:01'),(885,52,44,29,0,0,'2019-10-29 18:48:00',NULL,'2019-12-28 11:46:01'),(886,52,45,30,0,0,'2019-10-30 18:48:00',NULL,'2019-12-28 11:46:01'),(888,53,16,1,0,1,'2019-12-29 16:16:45','2019-12-29 16:16:48','2019-12-29 11:24:27'),(889,53,17,2,0,0,'2019-12-30 18:30:00',NULL,'2019-12-29 11:24:27'),(890,53,18,3,0,0,'2019-12-31 18:30:00',NULL,'2019-12-29 11:24:27'),(891,53,19,4,0,0,'2020-01-01 18:30:00',NULL,'2019-12-29 11:24:27'),(892,53,20,5,0,0,'2020-01-02 18:30:00',NULL,'2019-12-29 11:24:27'),(893,53,21,6,0,0,'2020-01-03 18:30:00',NULL,'2019-12-29 11:24:27'),(894,53,22,7,0,0,'2020-01-04 18:30:00',NULL,'2019-12-29 11:24:27'),(895,53,23,8,0,0,'2020-01-05 18:30:00',NULL,'2019-12-29 11:24:27'),(896,53,24,9,0,0,'2020-01-06 18:30:00',NULL,'2019-12-29 11:24:27'),(897,53,25,10,0,0,'2020-01-07 18:30:00',NULL,'2019-12-29 11:24:27'),(898,53,26,11,0,0,'2020-01-08 18:30:00',NULL,'2019-12-29 11:24:27'),(899,53,27,12,0,0,'2020-01-09 18:30:00',NULL,'2019-12-29 11:24:27'),(900,53,28,13,0,0,'2020-01-10 18:30:00',NULL,'2019-12-29 11:24:27'),(901,53,29,14,0,0,'2020-01-11 18:30:00',NULL,'2019-12-29 11:24:27'),(902,53,30,15,0,0,'2020-01-12 18:30:00',NULL,'2019-12-29 11:24:27'),(903,53,31,16,0,0,'2020-01-13 18:30:00',NULL,'2019-12-29 11:24:27'),(904,53,32,17,0,0,'2020-01-14 18:30:00',NULL,'2019-12-29 11:24:27'),(905,53,33,18,0,0,'2020-01-15 18:30:00',NULL,'2019-12-29 11:24:27'),(906,53,34,19,0,0,'2020-01-16 18:30:00',NULL,'2019-12-29 11:24:27'),(907,53,35,20,0,0,'2020-01-17 18:30:00',NULL,'2019-12-29 11:24:27'),(908,53,36,21,0,0,'2020-01-18 18:30:00',NULL,'2019-12-29 11:24:27'),(909,53,37,22,0,0,'2020-01-19 18:30:00',NULL,'2019-12-29 11:24:27'),(910,53,38,23,0,0,'2020-01-20 18:30:00',NULL,'2019-12-29 11:24:27'),(911,53,39,24,0,0,'2020-01-21 18:30:00',NULL,'2019-12-29 11:24:27'),(912,53,40,25,0,0,'2020-01-22 18:30:00',NULL,'2019-12-29 11:24:27'),(913,53,41,26,0,0,'2020-01-23 18:30:00',NULL,'2019-12-29 11:24:27'),(914,53,42,27,0,0,'2020-01-24 18:30:00',NULL,'2019-12-29 11:24:27'),(915,53,43,28,0,0,'2020-01-25 18:30:00',NULL,'2019-12-29 11:24:27'),(916,53,44,29,0,0,'2020-01-26 18:30:00',NULL,'2019-12-29 11:24:27'),(917,53,45,30,0,0,'2020-01-27 18:30:00',NULL,'2019-12-29 11:24:27'),(919,54,1,1,0,0,'2019-12-29 16:22:00',NULL,'2019-12-29 13:22:23'),(920,54,2,2,0,0,'2019-12-30 16:22:00',NULL,'2019-12-29 13:22:23'),(921,54,3,3,0,0,'2019-12-31 16:22:00',NULL,'2019-12-29 13:22:23'),(922,54,4,4,0,0,'2020-01-01 16:22:00',NULL,'2019-12-29 13:22:23'),(923,54,5,5,0,0,'2020-01-02 16:22:00',NULL,'2019-12-29 13:22:23'),(924,54,6,6,0,0,'2020-01-03 16:22:00',NULL,'2019-12-29 13:22:23'),(925,54,7,7,0,0,'2020-01-04 16:22:00',NULL,'2019-12-29 13:22:23'),(926,54,8,8,0,0,'2020-01-05 16:22:00',NULL,'2019-12-29 13:22:23'),(927,54,9,9,0,0,'2020-01-06 16:22:00',NULL,'2019-12-29 13:22:23'),(934,55,16,1,1,0,'2019-12-30 16:29:00',NULL,'2019-12-30 13:29:15'),(935,55,17,2,1,0,'2019-12-31 16:29:00',NULL,'2019-12-30 13:29:15'),(936,55,18,3,1,0,'2020-01-01 16:29:00',NULL,'2019-12-30 13:29:15'),(937,55,19,4,0,0,'2020-01-02 16:29:00',NULL,'2019-12-30 13:29:15'),(938,55,20,5,1,0,'2020-01-03 16:29:00',NULL,'2019-12-30 13:29:15'),(939,55,21,6,1,0,'2020-01-04 16:29:00',NULL,'2019-12-30 13:29:15'),(940,55,22,7,1,0,'2020-01-05 16:29:00',NULL,'2019-12-30 13:29:15'),(941,55,23,8,0,0,'2020-01-06 16:29:00',NULL,'2019-12-30 13:29:15'),(942,55,24,9,1,0,'2020-01-07 16:29:00',NULL,'2019-12-30 13:29:15'),(943,55,25,10,1,0,'2020-01-08 16:29:00',NULL,'2019-12-30 13:29:15'),(944,55,26,11,1,0,'2020-01-09 16:29:00',NULL,'2019-12-30 13:29:15'),(945,55,27,12,0,0,'2020-01-10 16:29:00',NULL,'2019-12-30 13:29:15'),(946,55,28,13,1,0,'2020-01-11 16:29:00',NULL,'2019-12-30 13:29:15'),(947,55,29,14,1,0,'2020-01-12 16:29:00',NULL,'2019-12-30 13:29:15'),(948,55,30,15,1,0,'2020-01-13 16:29:00',NULL,'2019-12-30 13:29:15'),(949,55,31,16,0,0,'2020-01-14 16:29:00',NULL,'2019-12-30 13:29:15'),(950,55,32,17,1,0,'2020-01-15 16:29:00',NULL,'2019-12-30 13:29:15'),(951,55,33,18,1,0,'2020-01-16 16:29:00',NULL,'2019-12-30 13:29:15'),(952,55,34,19,1,0,'2020-01-17 16:29:00',NULL,'2019-12-30 13:29:15'),(953,55,35,20,0,0,'2020-01-18 16:29:00',NULL,'2019-12-30 13:29:15'),(954,55,36,21,1,0,'2020-01-19 16:29:00',NULL,'2019-12-30 13:29:15'),(955,55,37,22,1,0,'2020-01-20 16:29:00',NULL,'2019-12-30 13:29:15'),(956,55,38,23,1,0,'2020-01-21 16:29:00',NULL,'2019-12-30 13:29:15'),(957,55,39,24,0,0,'2020-01-22 16:29:00',NULL,'2019-12-30 13:29:15'),(958,55,40,25,1,0,'2020-01-23 16:29:00',NULL,'2019-12-30 13:29:15'),(959,55,41,26,1,0,'2020-01-24 16:29:00',NULL,'2019-12-30 13:29:15'),(960,55,42,27,1,0,'2020-01-25 16:29:00',NULL,'2019-12-30 13:29:15'),(961,55,43,28,0,0,'2020-01-26 16:29:00',NULL,'2019-12-30 13:29:15'),(962,55,44,29,1,0,'2020-01-27 16:29:00',NULL,'2019-12-30 13:29:15'),(963,55,45,30,1,0,'2020-01-28 16:29:00',NULL,'2019-12-30 13:29:15'),(965,56,16,1,0,0,'2019-12-30 16:34:00',NULL,'2019-12-30 13:34:16'),(966,56,17,2,0,1,'2019-12-31 02:42:27','2019-12-31 02:42:29','2019-12-30 13:34:16'),(967,56,18,3,0,0,'2020-01-01 16:34:00',NULL,'2019-12-30 13:34:16'),(968,56,19,4,1,0,'2020-01-02 16:34:00',NULL,'2019-12-30 13:34:16'),(969,56,20,5,0,0,'2020-01-03 16:34:00',NULL,'2019-12-30 13:34:16'),(970,56,21,6,0,0,'2020-01-04 16:34:00',NULL,'2019-12-30 13:34:16'),(971,56,22,7,0,0,'2020-01-05 16:34:00',NULL,'2019-12-30 13:34:16'),(972,56,23,8,1,0,'2020-01-06 16:34:00',NULL,'2019-12-30 13:34:16'),(973,56,24,9,0,0,'2020-01-07 16:34:00',NULL,'2019-12-30 13:34:16'),(974,56,25,10,0,0,'2020-01-08 16:34:00',NULL,'2019-12-30 13:34:16'),(975,56,26,11,0,0,'2020-01-09 16:34:00',NULL,'2019-12-30 13:34:16'),(976,56,27,12,1,0,'2020-01-10 16:34:00',NULL,'2019-12-30 13:34:16'),(977,56,28,13,0,0,'2020-01-11 16:34:00',NULL,'2019-12-30 13:34:16'),(978,56,29,14,0,0,'2020-01-12 16:34:00',NULL,'2019-12-30 13:34:16'),(979,56,30,15,0,0,'2020-01-13 16:34:00',NULL,'2019-12-30 13:34:16'),(980,56,31,16,1,0,'2020-01-14 16:34:00',NULL,'2019-12-30 13:34:16'),(981,56,32,17,0,0,'2020-01-15 16:34:00',NULL,'2019-12-30 13:34:16'),(982,56,33,18,0,0,'2020-01-16 16:34:00',NULL,'2019-12-30 13:34:16'),(983,56,34,19,0,0,'2020-01-17 16:34:00',NULL,'2019-12-30 13:34:16'),(984,56,35,20,1,0,'2020-01-18 16:34:00',NULL,'2019-12-30 13:34:16'),(985,56,36,21,0,0,'2020-01-19 16:34:00',NULL,'2019-12-30 13:34:16'),(986,56,37,22,0,0,'2020-01-20 16:34:00',NULL,'2019-12-30 13:34:16'),(987,56,38,23,0,0,'2020-01-21 16:34:00',NULL,'2019-12-30 13:34:16'),(988,56,39,24,1,0,'2020-01-22 16:34:00',NULL,'2019-12-30 13:34:16'),(989,56,40,25,0,0,'2020-01-23 16:34:00',NULL,'2019-12-30 13:34:16'),(990,56,41,26,0,0,'2020-01-24 16:34:00',NULL,'2019-12-30 13:34:16'),(991,56,42,27,0,0,'2020-01-25 16:34:00',NULL,'2019-12-30 13:34:16'),(992,56,43,28,1,0,'2020-01-26 16:34:00',NULL,'2019-12-30 13:34:16'),(993,56,44,29,0,0,'2020-01-27 16:34:00',NULL,'2019-12-30 13:34:16'),(994,56,45,30,0,0,'2020-01-28 16:34:00',NULL,'2019-12-30 13:34:16'),(996,57,16,1,0,1,'2020-01-02 16:50:00','2020-01-02 16:50:45','2020-01-02 13:49:26'),(997,57,17,2,0,0,'2020-01-03 16:55:00',NULL,'2020-01-02 13:49:26'),(998,57,18,3,0,0,'2020-01-04 16:55:00',NULL,'2020-01-02 13:49:26'),(999,57,19,4,1,0,'2020-01-05 16:55:00',NULL,'2020-01-02 13:49:26'),(1000,57,20,5,0,0,'2020-01-06 16:55:00',NULL,'2020-01-02 13:49:26'),(1001,57,21,6,0,0,'2020-01-07 16:55:00',NULL,'2020-01-02 13:49:26'),(1002,57,22,7,0,0,'2020-01-08 16:55:00',NULL,'2020-01-02 13:49:26'),(1003,57,23,8,1,0,'2020-01-09 16:55:00',NULL,'2020-01-02 13:49:26'),(1004,57,24,9,0,0,'2020-01-10 16:55:00',NULL,'2020-01-02 13:49:26'),(1005,57,25,10,0,0,'2020-01-11 16:55:00',NULL,'2020-01-02 13:49:26'),(1006,57,26,11,0,0,'2020-01-12 16:55:00',NULL,'2020-01-02 13:49:26'),(1007,57,27,12,1,0,'2020-01-13 16:55:00',NULL,'2020-01-02 13:49:26'),(1008,57,28,13,0,0,'2020-01-14 16:55:00',NULL,'2020-01-02 13:49:26'),(1009,57,29,14,0,0,'2020-01-15 16:55:00',NULL,'2020-01-02 13:49:26'),(1010,57,30,15,0,0,'2020-01-16 16:55:00',NULL,'2020-01-02 13:49:26'),(1011,57,31,16,1,0,'2020-01-17 16:55:00',NULL,'2020-01-02 13:49:26'),(1012,57,32,17,0,0,'2020-01-18 16:55:00',NULL,'2020-01-02 13:49:26'),(1013,57,33,18,0,0,'2020-01-19 16:55:00',NULL,'2020-01-02 13:49:26'),(1014,57,34,19,0,0,'2020-01-20 16:55:00',NULL,'2020-01-02 13:49:26'),(1015,57,35,20,1,0,'2020-01-21 16:55:00',NULL,'2020-01-02 13:49:26'),(1016,57,36,21,0,0,'2020-01-22 16:55:00',NULL,'2020-01-02 13:49:26'),(1017,57,37,22,0,0,'2020-01-23 16:55:00',NULL,'2020-01-02 13:49:26'),(1018,57,38,23,0,0,'2020-01-24 16:55:00',NULL,'2020-01-02 13:49:26'),(1019,57,39,24,1,0,'2020-01-25 16:55:00',NULL,'2020-01-02 13:49:26'),(1020,57,40,25,0,0,'2020-01-26 16:55:00',NULL,'2020-01-02 13:49:26'),(1021,57,41,26,0,0,'2020-01-27 16:55:00',NULL,'2020-01-02 13:49:26'),(1022,57,42,27,0,0,'2020-01-28 16:55:00',NULL,'2020-01-02 13:49:26'),(1023,57,43,28,1,0,'2020-01-29 16:55:00',NULL,'2020-01-02 13:49:26'),(1024,57,44,29,0,0,'2020-01-30 16:55:00',NULL,'2020-01-02 13:49:26'),(1025,57,45,30,0,0,'2020-01-31 16:55:00',NULL,'2020-01-02 13:49:26'),(1027,58,16,1,0,1,'2020-01-02 17:19:42','2020-01-02 17:20:23','2020-01-02 14:19:23'),(1028,58,17,2,0,0,'2020-01-03 17:22:00',NULL,'2020-01-02 14:19:23'),(1029,58,18,3,0,1,'2020-01-04 01:41:44','2020-01-04 01:41:49','2020-01-02 14:19:23'),(1030,58,19,4,1,0,'2020-01-05 17:22:00',NULL,'2020-01-02 14:19:23'),(1031,58,20,5,0,1,'2020-01-06 01:02:05','2020-01-06 01:02:47','2020-01-02 14:19:23'),(1032,58,21,6,0,0,'2020-01-07 17:22:00',NULL,'2020-01-02 14:19:23'),(1033,58,22,7,0,0,'2020-01-08 17:22:00',NULL,'2020-01-02 14:19:23'),(1034,58,23,8,1,0,'2020-01-09 17:22:00',NULL,'2020-01-02 14:19:23'),(1035,58,24,9,0,0,'2020-01-10 17:22:00',NULL,'2020-01-02 14:19:23'),(1036,58,25,10,0,0,'2020-01-11 17:22:00',NULL,'2020-01-02 14:19:23'),(1037,58,26,11,0,0,'2020-01-12 17:22:00',NULL,'2020-01-02 14:19:23'),(1038,58,27,12,1,0,'2020-01-13 17:22:00',NULL,'2020-01-02 14:19:23'),(1039,58,28,13,0,0,'2020-01-14 17:22:00',NULL,'2020-01-02 14:19:23'),(1040,58,29,14,0,0,'2020-01-15 17:22:00',NULL,'2020-01-02 14:19:23'),(1041,58,30,15,0,0,'2020-01-16 17:22:00',NULL,'2020-01-02 14:19:23'),(1042,58,31,16,1,0,'2020-01-17 17:22:00',NULL,'2020-01-02 14:19:23'),(1043,58,32,17,0,0,'2020-01-18 17:22:00',NULL,'2020-01-02 14:19:23'),(1044,58,33,18,0,0,'2020-01-19 17:22:00',NULL,'2020-01-02 14:19:23'),(1045,58,34,19,0,0,'2020-01-20 17:22:00',NULL,'2020-01-02 14:19:23'),(1046,58,35,20,1,0,'2020-01-21 17:22:00',NULL,'2020-01-02 14:19:23'),(1047,58,36,21,0,0,'2020-01-22 17:22:00',NULL,'2020-01-02 14:19:23'),(1048,58,37,22,0,0,'2020-01-23 17:22:00',NULL,'2020-01-02 14:19:23'),(1049,58,38,23,0,0,'2020-01-24 17:22:00',NULL,'2020-01-02 14:19:23'),(1050,58,39,24,1,0,'2020-01-25 17:22:00',NULL,'2020-01-02 14:19:23'),(1051,58,40,25,0,0,'2020-01-26 17:22:00',NULL,'2020-01-02 14:19:23'),(1052,58,41,26,0,0,'2020-01-27 17:22:00',NULL,'2020-01-02 14:19:23'),(1053,58,42,27,0,0,'2020-01-28 17:22:00',NULL,'2020-01-02 14:19:23'),(1054,58,43,28,1,0,'2020-01-29 17:22:00',NULL,'2020-01-02 14:19:23'),(1055,58,44,29,0,0,'2020-01-30 17:22:00',NULL,'2020-01-02 14:19:23'),(1056,58,45,30,0,0,'2020-01-31 17:22:00',NULL,'2020-01-02 14:19:23'),(1058,59,16,1,0,1,'2020-01-06 22:00:55','2020-01-06 22:01:57','2020-01-06 18:58:16'),(1059,59,17,2,0,1,'2020-01-07 13:34:53','2020-01-07 13:34:54','2020-01-06 18:58:16'),(1060,59,18,3,0,0,'2020-01-08 21:58:00',NULL,'2020-01-06 18:58:16'),(1061,59,19,4,1,0,'2020-01-09 21:58:00',NULL,'2020-01-06 18:58:16'),(1062,59,20,5,0,0,'2020-01-10 21:58:00',NULL,'2020-01-06 18:58:16'),(1063,59,21,6,0,0,'2020-01-11 21:58:00',NULL,'2020-01-06 18:58:16'),(1064,59,22,7,0,0,'2020-01-12 21:58:00',NULL,'2020-01-06 18:58:16'),(1065,59,23,8,1,0,'2020-01-13 21:58:00',NULL,'2020-01-06 18:58:16'),(1066,59,24,9,0,0,'2020-01-14 21:58:00',NULL,'2020-01-06 18:58:16'),(1067,59,25,10,0,0,'2020-01-15 21:58:00',NULL,'2020-01-06 18:58:16'),(1068,59,26,11,0,0,'2020-01-16 21:58:00',NULL,'2020-01-06 18:58:16'),(1069,59,27,12,1,0,'2020-01-17 21:58:00',NULL,'2020-01-06 18:58:16'),(1070,59,28,13,0,0,'2020-01-18 21:58:00',NULL,'2020-01-06 18:58:16'),(1071,59,29,14,0,0,'2020-01-19 21:58:00',NULL,'2020-01-06 18:58:16'),(1072,59,30,15,0,0,'2020-01-20 21:58:00',NULL,'2020-01-06 18:58:16'),(1073,59,31,16,1,0,'2020-01-21 21:58:00',NULL,'2020-01-06 18:58:16'),(1074,59,32,17,0,0,'2020-01-22 21:58:00',NULL,'2020-01-06 18:58:16'),(1075,59,33,18,0,0,'2020-01-23 21:58:00',NULL,'2020-01-06 18:58:16'),(1076,59,34,19,0,0,'2020-01-24 21:58:00',NULL,'2020-01-06 18:58:16'),(1077,59,35,20,1,0,'2020-01-25 21:58:00',NULL,'2020-01-06 18:58:16'),(1078,59,36,21,0,0,'2020-01-26 21:58:00',NULL,'2020-01-06 18:58:16'),(1079,59,37,22,0,0,'2020-01-27 21:58:00',NULL,'2020-01-06 18:58:16'),(1080,59,38,23,0,0,'2020-01-28 21:58:00',NULL,'2020-01-06 18:58:16'),(1081,59,39,24,1,0,'2020-01-29 21:58:00',NULL,'2020-01-06 18:58:16'),(1082,59,40,25,0,0,'2020-01-30 21:58:00',NULL,'2020-01-06 18:58:16'),(1083,59,41,26,0,0,'2020-01-31 21:58:00',NULL,'2020-01-06 18:58:16'),(1084,59,42,27,0,0,'2020-02-01 21:58:00',NULL,'2020-01-06 18:58:16'),(1085,59,43,28,1,0,'2020-02-02 21:58:00',NULL,'2020-01-06 18:58:16'),(1086,59,44,29,0,0,'2020-02-03 21:58:00',NULL,'2020-01-06 18:58:16'),(1087,59,45,30,0,0,'2020-02-04 21:58:00',NULL,'2020-01-06 18:58:16'),(1089,60,1,1,0,0,'2020-01-07 13:55:00',NULL,'2020-01-07 10:35:20'),(1090,60,2,2,0,0,'2020-01-08 13:55:00',NULL,'2020-01-07 10:35:20'),(1091,60,3,3,1,0,'2020-01-09 13:55:00',NULL,'2020-01-07 10:35:20'),(1092,60,4,4,1,0,'2020-01-10 13:55:00',NULL,'2020-01-07 10:35:20'),(1093,60,5,5,1,0,'2020-01-11 13:55:00',NULL,'2020-01-07 10:35:20'),(1094,60,6,6,1,0,'2020-01-12 13:55:00',NULL,'2020-01-07 10:35:20'),(1095,60,7,7,1,0,'2020-01-13 13:55:00',NULL,'2020-01-07 10:35:20'),(1096,60,8,8,1,0,'2020-01-14 13:55:00',NULL,'2020-01-07 10:35:20'),(1097,60,9,9,1,0,'2020-01-15 13:55:00',NULL,'2020-01-07 10:35:20'),(1104,61,47,1,0,1,'2020-01-07 22:00:31','2020-01-07 22:01:37','2020-01-07 18:49:07'),(1105,61,48,2,0,1,'2020-01-07 22:22:24','2020-01-07 22:43:19','2020-01-07 18:49:07'),(1106,61,49,3,0,1,'2020-01-07 23:15:03','2020-01-07 23:18:20','2020-01-07 18:49:07'),(1107,61,50,4,0,0,'2020-01-10 21:49:00',NULL,'2020-01-07 18:49:07'),(1108,61,51,5,0,0,'2020-01-11 21:49:00',NULL,'2020-01-07 18:49:07'),(1109,61,52,6,0,0,'2020-01-12 21:49:00',NULL,'2020-01-07 18:49:07'),(1110,61,53,7,0,0,'2020-01-13 21:49:00',NULL,'2020-01-07 18:49:07'),(1111,61,54,8,0,0,'2020-01-14 21:49:00',NULL,'2020-01-07 18:49:07'),(1112,61,55,9,0,0,'2020-01-15 21:49:00',NULL,'2020-01-07 18:49:07'),(1113,61,56,10,0,0,'2020-01-16 21:49:00',NULL,'2020-01-07 18:49:07'),(1114,61,57,11,0,0,'2020-01-17 21:49:00',NULL,'2020-01-07 18:49:07'),(1115,61,58,12,0,0,'2020-01-18 21:49:00',NULL,'2020-01-07 18:49:07'),(1116,61,59,13,0,0,'2020-01-19 21:49:00',NULL,'2020-01-07 18:49:07'),(1117,61,60,14,0,0,'2020-01-20 21:49:00',NULL,'2020-01-07 18:49:07'),(1118,61,61,15,0,0,'2020-01-21 21:49:00',NULL,'2020-01-07 18:49:07'),(1119,61,62,16,0,0,'2020-01-22 21:49:00',NULL,'2020-01-07 18:49:07'),(1120,61,63,17,0,0,'2020-01-23 21:49:00',NULL,'2020-01-07 18:49:07'),(1121,61,64,18,0,0,'2020-01-24 21:49:00',NULL,'2020-01-07 18:49:07'),(1122,61,65,19,0,0,'2020-01-25 21:49:00',NULL,'2020-01-07 18:49:07'),(1123,61,66,20,0,0,'2020-01-26 21:49:00',NULL,'2020-01-07 18:49:07'),(1124,61,67,21,0,0,'2020-01-27 21:49:00',NULL,'2020-01-07 18:49:07');
/*!40000 ALTER TABLE `USER_TEMP_DAY` ENABLE KEYS */;
UNLOCK TABLES;

--
-- Table structure for table `USER_TEMP_EXERCISE`
--

DROP TABLE IF EXISTS `USER_TEMP_EXERCISE`;
/*!40101 SET @saved_cs_client     = @@character_set_client */;
/*!50503 SET character_set_client = utf8mb4 */;
CREATE TABLE `USER_TEMP_EXERCISE` (
  `ID` int(11) NOT NULL AUTO_INCREMENT,
  `USER_TEMP_DAY_ID` int(11) NOT NULL,
  `EXERCISE_ID` int(11) NOT NULL,
  `TYPE_METRIC` int(11) NOT NULL,
  `DATE_CREATE` timestamp NOT NULL DEFAULT CURRENT_TIMESTAMP,
  PRIMARY KEY (`ID`)
) ENGINE=InnoDB AUTO_INCREMENT=114 DEFAULT CHARSET=utf8;
/*!40101 SET character_set_client = @saved_cs_client */;

--
-- Dumping data for table `USER_TEMP_EXERCISE`
--

LOCK TABLES `USER_TEMP_EXERCISE` WRITE;
/*!40000 ALTER TABLE `USER_TEMP_EXERCISE` DISABLE KEYS */;
INSERT INTO `USER_TEMP_EXERCISE` VALUES (76,586,93,1,'2019-12-22 16:01:56'),(77,586,93,1,'2019-12-22 16:03:45'),(78,586,93,1,'2019-12-22 16:16:44'),(79,586,93,1,'2019-12-22 16:22:46'),(80,671,93,1,'2019-12-23 12:00:30'),(81,671,93,1,'2019-12-23 12:00:30'),(82,671,93,1,'2019-12-23 12:00:30'),(83,671,93,1,'2019-12-23 12:00:30'),(84,702,93,1,'2019-12-23 12:03:20'),(85,702,93,1,'2019-12-23 12:03:21'),(86,764,93,1,'2019-12-25 11:34:40'),(87,591,93,1,'2019-12-26 23:35:00'),(88,826,93,1,'2019-12-27 15:53:18'),(89,888,93,1,'2019-12-29 13:16:50'),(90,966,93,1,'2019-12-30 23:42:32'),(91,996,93,1,'2020-01-02 13:50:46'),(92,996,93,1,'2020-01-02 13:50:46'),(93,1027,93,1,'2020-01-02 14:20:24'),(94,1029,93,1,'2020-01-03 22:41:52'),(95,1031,93,1,'2020-01-05 22:02:50'),(96,1058,93,1,'2020-01-06 19:02:00'),(97,1059,93,1,'2020-01-07 10:34:55'),(98,1104,93,1,'2020-01-07 19:01:39'),(99,1104,6,1,'2020-01-07 19:01:39'),(100,1105,93,1,'2020-01-07 19:43:22'),(101,1105,6,1,'2020-01-07 19:43:22'),(102,1105,101,1,'2020-01-07 19:43:22'),(103,1105,3,1,'2020-01-07 19:43:22'),(104,1105,5,1,'2020-01-07 19:43:22'),(105,1105,99,1,'2020-01-07 19:43:22'),(106,1105,76,1,'2020-01-07 19:43:22'),(107,1106,93,1,'2020-01-07 20:18:23'),(108,1106,6,1,'2020-01-07 20:18:23'),(109,1106,101,1,'2020-01-07 20:18:23'),(110,1106,3,1,'2020-01-07 20:18:23'),(111,1106,5,1,'2020-01-07 20:18:23'),(112,1106,99,1,'2020-01-07 20:18:23'),(113,1106,76,1,'2020-01-07 20:18:23');
/*!40000 ALTER TABLE `USER_TEMP_EXERCISE` ENABLE KEYS */;
UNLOCK TABLES;

--
-- Table structure for table `USER_TEMP_EXERCISE_SET`
--

DROP TABLE IF EXISTS `USER_TEMP_EXERCISE_SET`;
/*!40101 SET @saved_cs_client     = @@character_set_client */;
/*!50503 SET character_set_client = utf8mb4 */;
CREATE TABLE `USER_TEMP_EXERCISE_SET` (
  `ID` int(11) NOT NULL AUTO_INCREMENT,
  `USER_TEMP_EXERCISE_ID` int(11) NOT NULL,
  `TIME` int(11) NOT NULL,
  `MASS` int(11) NOT NULL,
  `REPETITIONS` int(11) NOT NULL,
  `IS_REST` int(11) NOT NULL DEFAULT '0',
  `DATE_CREATE` timestamp NOT NULL DEFAULT CURRENT_TIMESTAMP,
  PRIMARY KEY (`ID`)
) ENGINE=InnoDB AUTO_INCREMENT=242 DEFAULT CHARSET=utf8;
/*!40101 SET character_set_client = @saved_cs_client */;

--
-- Dumping data for table `USER_TEMP_EXERCISE_SET`
--

LOCK TABLES `USER_TEMP_EXERCISE_SET` WRITE;
/*!40000 ALTER TABLE `USER_TEMP_EXERCISE_SET` DISABLE KEYS */;
INSERT INTO `USER_TEMP_EXERCISE_SET` VALUES (155,76,7,0,100,0,'2019-12-22 16:01:56'),(156,77,58,0,100,0,'2019-12-22 16:03:45'),(157,78,2,0,100,0,'2019-12-22 16:16:44'),(158,78,36,0,200,0,'2019-12-22 16:16:44'),(159,79,1,0,100,0,'2019-12-22 16:22:46'),(160,80,32,0,50,0,'2019-12-23 12:00:30'),(161,81,17,0,55,0,'2019-12-23 12:00:30'),(162,82,32,0,50,0,'2019-12-23 12:00:30'),(163,83,17,0,55,0,'2019-12-23 12:00:30'),(164,84,18,0,50,0,'2019-12-23 12:03:21'),(165,85,13,0,100,0,'2019-12-23 12:03:21'),(166,86,27,0,50,0,'2019-12-25 11:34:40'),(167,87,6,0,135,0,'2019-12-26 23:35:00'),(168,88,2,0,50,0,'2019-12-27 15:53:18'),(169,89,3,0,50,0,'2019-12-29 13:16:50'),(170,90,2,0,55,0,'2019-12-30 23:42:32'),(171,91,11,0,50,0,'2020-01-02 13:50:46'),(172,92,5,0,20,0,'2020-01-02 13:50:46'),(173,93,16,0,50,0,'2020-01-02 14:20:24'),(174,93,16,0,0,1,'2020-01-02 14:20:24'),(175,93,7,0,28,0,'2020-01-02 14:20:24'),(176,94,4,0,60,0,'2020-01-03 22:41:52'),(177,95,42,0,70,0,'2020-01-05 22:02:50'),(178,96,18,0,50,0,'2020-01-06 19:02:00'),(179,96,10,0,0,1,'2020-01-06 19:02:00'),(180,96,13,0,9,0,'2020-01-06 19:02:00'),(181,96,3,0,0,1,'2020-01-06 19:02:00'),(182,96,17,0,666,0,'2020-01-06 19:02:00'),(183,97,0,0,55,0,'2020-01-07 10:34:55'),(184,98,8,0,20,0,'2020-01-07 19:01:39'),(185,98,8,0,0,1,'2020-01-07 19:01:39'),(186,98,5,0,25,0,'2020-01-07 19:01:39'),(187,99,5,0,0,1,'2020-01-07 19:01:39'),(188,99,8,0,20,0,'2020-01-07 19:01:39'),(189,100,1,0,20,0,'2020-01-07 19:43:22'),(190,100,3,0,0,1,'2020-01-07 19:43:22'),(191,100,3,0,25,0,'2020-01-07 19:43:22'),(192,101,3,0,0,1,'2020-01-07 19:43:22'),(193,101,2,0,20,0,'2020-01-07 19:43:22'),(194,101,26,0,0,1,'2020-01-07 19:43:22'),(195,101,10,0,25,0,'2020-01-07 19:43:22'),(196,102,1098,0,0,1,'2020-01-07 19:43:22'),(197,102,5,0,20,0,'2020-01-07 19:43:22'),(198,102,6,0,0,1,'2020-01-07 19:43:22'),(199,102,4,0,25,0,'2020-01-07 19:43:22'),(200,103,1,0,0,1,'2020-01-07 19:43:22'),(201,103,7,0,20,0,'2020-01-07 19:43:22'),(202,103,2,0,0,1,'2020-01-07 19:43:22'),(203,103,28,0,25,0,'2020-01-07 19:43:22'),(204,104,3,0,0,1,'2020-01-07 19:43:22'),(205,104,17,0,20,0,'2020-01-07 19:43:22'),(206,104,2,0,0,1,'2020-01-07 19:43:22'),(207,104,1,0,25,0,'2020-01-07 19:43:22'),(208,105,1,0,0,1,'2020-01-07 19:43:22'),(209,105,3,0,20,0,'2020-01-07 19:43:22'),(210,105,1,0,0,1,'2020-01-07 19:43:22'),(211,105,2,0,25,0,'2020-01-07 19:43:22'),(212,106,1,0,0,1,'2020-01-07 19:43:22'),(213,106,5,0,20,0,'2020-01-07 19:43:22'),(214,106,2,0,0,1,'2020-01-07 19:43:22'),(215,106,2,0,25,0,'2020-01-07 19:43:22'),(216,107,2,0,20,0,'2020-01-07 20:18:23'),(217,107,1,0,0,1,'2020-01-07 20:18:23'),(218,107,2,0,25,0,'2020-01-07 20:18:23'),(219,108,3,0,0,1,'2020-01-07 20:18:23'),(220,108,1,0,20,0,'2020-01-07 20:18:23'),(221,108,3,0,25,0,'2020-01-07 20:18:23'),(222,109,2,0,0,1,'2020-01-07 20:18:23'),(223,109,5,0,20,0,'2020-01-07 20:18:23'),(224,109,6,0,0,1,'2020-01-07 20:18:23'),(225,109,4,0,25,0,'2020-01-07 20:18:23'),(226,110,9,0,0,1,'2020-01-07 20:18:23'),(227,110,12,0,20,0,'2020-01-07 20:18:23'),(228,110,13,0,0,1,'2020-01-07 20:18:23'),(229,110,6,0,25,0,'2020-01-07 20:18:23'),(230,111,1,0,0,1,'2020-01-07 20:18:23'),(231,111,4,0,20,0,'2020-01-07 20:18:23'),(232,111,6,0,0,1,'2020-01-07 20:18:23'),(233,111,34,0,25,0,'2020-01-07 20:18:23'),(234,112,10,0,0,1,'2020-01-07 20:18:23'),(235,112,13,0,20,0,'2020-01-07 20:18:23'),(236,112,8,0,0,1,'2020-01-07 20:18:23'),(237,112,23,0,25,0,'2020-01-07 20:18:23'),(238,113,3,0,0,1,'2020-01-07 20:18:23'),(239,113,6,0,20,0,'2020-01-07 20:18:23'),(240,113,1,0,0,1,'2020-01-07 20:18:23'),(241,113,6,0,25,0,'2020-01-07 20:18:23');
/*!40000 ALTER TABLE `USER_TEMP_EXERCISE_SET` ENABLE KEYS */;
UNLOCK TABLES;

--
-- Dumping events for database 'admin_SPORT'
--
/*!40103 SET TIME_ZONE=@OLD_TIME_ZONE */;

/*!40101 SET SQL_MODE=@OLD_SQL_MODE */;
/*!40014 SET FOREIGN_KEY_CHECKS=@OLD_FOREIGN_KEY_CHECKS */;
/*!40014 SET UNIQUE_CHECKS=@OLD_UNIQUE_CHECKS */;
/*!40101 SET CHARACTER_SET_CLIENT=@OLD_CHARACTER_SET_CLIENT */;
/*!40101 SET CHARACTER_SET_RESULTS=@OLD_CHARACTER_SET_RESULTS */;
/*!40101 SET COLLATION_CONNECTION=@OLD_COLLATION_CONNECTION */;
/*!40111 SET SQL_NOTES=@OLD_SQL_NOTES */;

-- Dump completed on 2020-01-08 13:14:59
